timestamp, index, uuid, pstate, temperature.gpu, utilization.gpu [%], utilization.memory [%], memory.used [MiB], power.draw [W], power.limit [W], clocks.current.sm [MHz], clocks.current.memory [MHz]
2026/10/01 20:36:49.888, 0, GPU-c0cacca4-e74e-bd6a-815c-7b54ee668128, P8, 36, 0 %, 0 %, 4 MiB, 7.32 W, 320.00 W, 210 MHz, 405 MHz
2026/10/01 20:36:50.894, 0, GPU-c0cacca4-e74e-bd6a-815c-7b54ee668128, P8, 36, 0 %, 0 %, 4 MiB, 7.26 W, 320.00 W, 210 MHz, 405 MHz
2026/10/01 20:36:51.894, 0, GPU-c0cacca4-e74e-bd6a-815c-7b54ee668128, P0, 36, 2 %, 0 %, 383 MiB, 9.01 W, 320.00 W, 2505 MHz, 11201 MHz
2026/10/01 20:36:52.895, 0, GPU-c0cacca4-e74e-bd6a-815c-7b54ee668128, P2, 37, 0 %, 0 %, 383 MiB, 39.27 W, 320.00 W, 2505 MHz, 10801 MHz
2026/10/01 20:36:53.895, 0, GPU-c0cacca4-e74e-bd6a-815c-7b54ee668128, P2, 37, 0 %, 0 %, 383 MiB, 38.96 W, 320.00 W, 2505 MHz, 10801 MHz
2026/10/01 20:36:54.896, 0, GPU-c0cacca4-e74e-bd6a-815c-7b54ee668128, P2, 37, 0 %, 0 %, 383 MiB, 38.75 W, 320.00 W, 2505 MHz, 10801 MHz
2026/10/01 20:36:55.896, 0, GPU-c0cacca4-e74e-bd6a-815c-7b54ee668128, P2, 39, 9 %, 6 %, 825 MiB, 44.01 W, 320.00 W, 2505 MHz, 10801 MHz
2026/10/01 20:36:56.897, 0, GPU-c0cacca4-e74e-bd6a-815c-7b54ee668128, P2, 47, 98 %, 65 %, 825 MiB, 193.00 W, 320.00 W, 2820 MHz, 10801 MHz
2026/10/01 20:36:57.897, 0, GPU-c0cacca4-e74e-bd6a-815c-7b54ee668128, P2, 43, 1 %, 0 %, 825 MiB, 249.74 W, 320.00 W, 2820 MHz, 10801 MHz
2026/10/01 20:36:58.898, 0, GPU-c0cacca4-e74e-bd6a-815c-7b54ee668128, P2, 52, 97 %, 65 %, 825 MiB, 144.26 W, 320.00 W, 2820 MHz, 10801 MHz
2026/10/01 20:36:59.898, 0, GPU-c0cacca4-e74e-bd6a-815c-7b54ee668128, P2, 41, 0 %, 0 %, 825 MiB, 189.07 W, 320.00 W, 2820 MHz, 10801 MHz
2026/10/01 20:37:00.898, 0, GPU-c0cacca4-e74e-bd6a-815c-7b54ee668128, P2, 40, 0 %, 0 %, 4 MiB, 49.95 W, 320.00 W, 2820 MHz, 10801 MHz
2026/10/01 20:37:01.899, 0, GPU-c0cacca4-e74e-bd6a-815c-7b54ee668128, P0, 39, 0 %, 0 %, 4 MiB, 45.23 W, 320.00 W, 2505 MHz, 11201 MHz
2026/10/01 20:37:02.899, 0, GPU-c0cacca4-e74e-bd6a-815c-7b54ee668128, P2, 39, 0 %, 0 %, 383 MiB, 29.33 W, 320.00 W, 2505 MHz, 10801 MHz
2026/10/01 20:37:03.900, 0, GPU-c0cacca4-e74e-bd6a-815c-7b54ee668128, P2, 39, 0 %, 0 %, 383 MiB, 40.29 W, 320.00 W, 2505 MHz, 10801 MHz
2026/10/01 20:37:04.900, 0, GPU-c0cacca4-e74e-bd6a-815c-7b54ee668128, P2, 39, 0 %, 0 %, 383 MiB, 39.69 W, 320.00 W, 2505 MHz, 10801 MHz
2026/10/01 20:37:05.901, 0, GPU-c0cacca4-e74e-bd6a-815c-7b54ee668128, P2, 39, 0 %, 0 %, 383 MiB, 39.89 W, 320.00 W, 2505 MHz, 10801 MHz
2026/10/01 20:37:06.901, 0, GPU-c0cacca4-e74e-bd6a-815c-7b54ee668128, P2, 46, 95 %, 69 %, 825 MiB, 72.17 W, 320.00 W, 2505 MHz, 10801 MHz
2026/10/01 20:37:07.901, 0, GPU-c0cacca4-e74e-bd6a-815c-7b54ee668128, P2, 51, 96 %, 51 %, 825 MiB, 214.87 W, 320.00 W, 2805 MHz, 10801 MHz
2026/10/01 20:37:08.902, 0, GPU-c0cacca4-e74e-bd6a-815c-7b54ee668128, P2, 53, 59 %, 32 %, 825 MiB, 246.32 W, 320.00 W, 2805 MHz, 10801 MHz
2026/10/01 20:37:09.903, 0, GPU-c0cacca4-e74e-bd6a-815c-7b54ee668128, P2, 53, 99 %, 53 %, 825 MiB, 137.53 W, 320.00 W, 2805 MHz, 10801 MHz
2026/10/01 20:37:10.903, 0, GPU-c0cacca4-e74e-bd6a-815c-7b54ee668128, P2, 45, 0 %, 0 %, 825 MiB, 228.81 W, 320.00 W, 2805 MHz, 10801 MHz
2026/10/01 20:37:11.904, 0, GPU-c0cacca4-e74e-bd6a-815c-7b54ee668128, P2, 42, 0 %, 0 %, 4 MiB, 50.50 W, 320.00 W, 2820 MHz, 10801 MHz
2026/10/01 20:37:12.904, 0, GPU-c0cacca4-e74e-bd6a-815c-7b54ee668128, P0, 41, 0 %, 0 %, 4 MiB, 48.78 W, 320.00 W, 2505 MHz, 11201 MHz
2026/10/01 20:37:13.905, 0, GPU-c0cacca4-e74e-bd6a-815c-7b54ee668128, P2, 41, 6 %, 0 %, 403 MiB, 41.98 W, 320.00 W, 2505 MHz, 10801 MHz
2026/10/01 20:37:14.905, 0, GPU-c0cacca4-e74e-bd6a-815c-7b54ee668128, P2, 41, 0 %, 0 %, 403 MiB, 41.06 W, 320.00 W, 2505 MHz, 10801 MHz
2026/10/01 20:37:15.906, 0, GPU-c0cacca4-e74e-bd6a-815c-7b54ee668128, P2, 41, 0 %, 0 %, 403 MiB, 40.36 W, 320.00 W, 2505 MHz, 10801 MHz
2026/10/01 20:37:16.906, 0, GPU-c0cacca4-e74e-bd6a-815c-7b54ee668128, P2, 41, 0 %, 0 %, 403 MiB, 40.39 W, 320.00 W, 2505 MHz, 10801 MHz
2026/10/01 20:37:17.907, 0, GPU-c0cacca4-e74e-bd6a-815c-7b54ee668128, P2, 44, 43 %, 32 %, 863 MiB, 43.78 W, 320.00 W, 2505 MHz, 10801 MHz
2026/10/01 20:37:18.907, 0, GPU-c0cacca4-e74e-bd6a-815c-7b54ee668128, P2, 51, 92 %, 72 %, 863 MiB, 183.36 W, 320.00 W, 2805 MHz, 10801 MHz
2026/10/01 20:37:19.908, 0, GPU-c0cacca4-e74e-bd6a-815c-7b54ee668128, P2, 44, 0 %, 0 %, 863 MiB, 196.20 W, 320.00 W, 2820 MHz, 10801 MHz
2026/10/01 20:37:20.908, 0, GPU-c0cacca4-e74e-bd6a-815c-7b54ee668128, P2, 52, 89 %, 70 %, 863 MiB, 134.65 W, 320.00 W, 2805 MHz, 10801 MHz
2026/10/01 20:37:21.909, 0, GPU-c0cacca4-e74e-bd6a-815c-7b54ee668128, P2, 43, 0 %, 0 %, 863 MiB, 152.15 W, 320.00 W, 2820 MHz, 10801 MHz
2026/10/01 20:37:22.909, 0, GPU-c0cacca4-e74e-bd6a-815c-7b54ee668128, P0, 43, 0 %, 0 %, 4 MiB, 52.39 W, 320.00 W, 2820 MHz, 11201 MHz
2026/10/01 20:37:23.910, 0, GPU-c0cacca4-e74e-bd6a-815c-7b54ee668128, P0, 42, 0 %, 0 %, 275 MiB, 49.06 W, 320.00 W, 2505 MHz, 11201 MHz
2026/10/01 20:37:24.910, 0, GPU-c0cacca4-e74e-bd6a-815c-7b54ee668128, P2, 42, 0 %, 0 %, 361 MiB, 36.15 W, 320.00 W, 2505 MHz, 10801 MHz
2026/10/01 20:37:25.910, 0, GPU-c0cacca4-e74e-bd6a-815c-7b54ee668128, P2, 42, 0 %, 0 %, 361 MiB, 43.11 W, 320.00 W, 2505 MHz, 10801 MHz
2026/10/01 20:37:26.911, 0, GPU-c0cacca4-e74e-bd6a-815c-7b54ee668128, P2, 42, 0 %, 0 %, 361 MiB, 42.71 W, 320.00 W, 2505 MHz, 10801 MHz
2026/10/01 20:37:27.911, 0, GPU-c0cacca4-e74e-bd6a-815c-7b54ee668128, P2, 42, 0 %, 0 %, 745 MiB, 42.87 W, 320.00 W, 2505 MHz, 10801 MHz
2026/10/01 20:37:28.912, 0, GPU-c0cacca4-e74e-bd6a-815c-7b54ee668128, P2, 53, 100 %, 70 %, 745 MiB, 111.99 W, 320.00 W, 2805 MHz, 10801 MHz
2026/10/01 20:37:29.912, 0, GPU-c0cacca4-e74e-bd6a-815c-7b54ee668128, P2, 54, 98 %, 69 %, 745 MiB, 241.56 W, 320.00 W, 2805 MHz, 10801 MHz
2026/10/01 20:37:30.913, 0, GPU-c0cacca4-e74e-bd6a-815c-7b54ee668128, P2, 45, 1 %, 0 %, 745 MiB, 203.07 W, 320.00 W, 2820 MHz, 10801 MHz
2026/10/01 20:37:31.914, 0, GPU-c0cacca4-e74e-bd6a-815c-7b54ee668128, P2, 55, 98 %, 68 %, 745 MiB, 207.00 W, 320.00 W, 2805 MHz, 10801 MHz
2026/10/01 20:37:32.914, 0, GPU-c0cacca4-e74e-bd6a-815c-7b54ee668128, P2, 44, 0 %, 0 %, 745 MiB, 157.67 W, 320.00 W, 2820 MHz, 10801 MHz
2026/10/01 20:37:33.914, 0, GPU-c0cacca4-e74e-bd6a-815c-7b54ee668128, P0, 44, 12 %, 1 %, 4 MiB, 58.61 W, 320.00 W, 2820 MHz, 11201 MHz
2026/10/01 20:37:34.915, 0, GPU-c0cacca4-e74e-bd6a-815c-7b54ee668128, P0, 42, 0 %, 0 %, 18 MiB, 53.46 W, 320.00 W, 2505 MHz, 11201 MHz
2026/10/01 20:37:35.922, 0, GPU-c0cacca4-e74e-bd6a-815c-7b54ee668128, P2, 42, 0 %, 0 %, 361 MiB, 41.90 W, 320.00 W, 2505 MHz, 10801 MHz
2026/10/01 20:37:36.923, 0, GPU-c0cacca4-e74e-bd6a-815c-7b54ee668128, P2, 42, 0 %, 0 %, 361 MiB, 48.32 W, 320.00 W, 2505 MHz, 10801 MHz
2026/10/01 20:37:37.923, 0, GPU-c0cacca4-e74e-bd6a-815c-7b54ee668128, P2, 42, 0 %, 0 %, 361 MiB, 48.10 W, 320.00 W, 2505 MHz, 10801 MHz
2026/10/01 20:37:38.924, 0, GPU-c0cacca4-e74e-bd6a-815c-7b54ee668128, P2, 41, 0 %, 0 %, 629 MiB, 48.07 W, 320.00 W, 2505 MHz, 10801 MHz
2026/10/01 20:37:39.924, 0, GPU-c0cacca4-e74e-bd6a-815c-7b54ee668128, P2, 52, 100 %, 74 %, 727 MiB, 104.47 W, 320.00 W, 2820 MHz, 10801 MHz
2026/10/01 20:37:40.925, 0, GPU-c0cacca4-e74e-bd6a-815c-7b54ee668128, P2, 55, 98 %, 73 %, 727 MiB, 266.83 W, 320.00 W, 2805 MHz, 10801 MHz
2026/10/01 20:37:41.925, 0, GPU-c0cacca4-e74e-bd6a-815c-7b54ee668128, P2, 45, 1 %, 0 %, 727 MiB, 227.47 W, 320.00 W, 2820 MHz, 10801 MHz
2026/10/01 20:37:42.926, 0, GPU-c0cacca4-e74e-bd6a-815c-7b54ee668128, P2, 56, 91 %, 68 %, 727 MiB, 216.26 W, 320.00 W, 2805 MHz, 10801 MHz
2026/10/01 20:37:43.927, 0, GPU-c0cacca4-e74e-bd6a-815c-7b54ee668128, P2, 44, 0 %, 0 %, 727 MiB, 185.40 W, 320.00 W, 2820 MHz, 10801 MHz
2026/10/01 20:37:44.927, 0, GPU-c0cacca4-e74e-bd6a-815c-7b54ee668128, P2, 43, 0 %, 0 %, 4 MiB, 59.33 W, 320.00 W, 2820 MHz, 10801 MHz
2026/10/01 20:37:45.928, 0, GPU-c0cacca4-e74e-bd6a-815c-7b54ee668128, P0, 42, 0 %, 0 %, 4 MiB, 53.65 W, 320.00 W, 2505 MHz, 11201 MHz
2026/10/01 20:37:46.928, 0, GPU-c0cacca4-e74e-bd6a-815c-7b54ee668128, P2, 42, 3 %, 0 %, 381 MiB, 50.13 W, 320.00 W, 2505 MHz, 10801 MHz
2026/10/01 20:37:47.929, 0, GPU-c0cacca4-e74e-bd6a-815c-7b54ee668128, P2, 42, 0 %, 0 %, 381 MiB, 49.97 W, 320.00 W, 2505 MHz, 10801 MHz
2026/10/01 20:37:48.929, 0, GPU-c0cacca4-e74e-bd6a-815c-7b54ee668128, P2, 42, 0 %, 0 %, 381 MiB, 49.69 W, 320.00 W, 2505 MHz, 10801 MHz
2026/10/01 20:37:49.930, 0, GPU-c0cacca4-e74e-bd6a-815c-7b54ee668128, P2, 41, 0 %, 0 %, 381 MiB, 48.81 W, 320.00 W, 2505 MHz, 10801 MHz
2026/10/01 20:37:50.930, 0, GPU-c0cacca4-e74e-bd6a-815c-7b54ee668128, P2, 41, 1 %, 0 %, 875 MiB, 49.00 W, 320.00 W, 2505 MHz, 10801 MHz
2026/10/01 20:37:51.931, 0, GPU-c0cacca4-e74e-bd6a-815c-7b54ee668128, P2, 51, 85 %, 64 %, 875 MiB, 150.10 W, 320.00 W, 2820 MHz, 10801 MHz
2026/10/01 20:37:52.931, 0, GPU-c0cacca4-e74e-bd6a-815c-7b54ee668128, P2, 52, 85 %, 64 %, 875 MiB, 217.82 W, 320.00 W, 2805 MHz, 10801 MHz
2026/10/01 20:37:53.932, 0, GPU-c0cacca4-e74e-bd6a-815c-7b54ee668128, P2, 50, 83 %, 62 %, 875 MiB, 143.41 W, 320.00 W, 2805 MHz, 10801 MHz
2026/10/01 20:37:54.932, 0, GPU-c0cacca4-e74e-bd6a-815c-7b54ee668128, P2, 45, 0 %, 0 %, 875 MiB, 201.32 W, 320.00 W, 2820 MHz, 10801 MHz
2026/10/01 20:37:55.933, 0, GPU-c0cacca4-e74e-bd6a-815c-7b54ee668128, P2, 43, 0 %, 0 %, 4 MiB, 59.19 W, 320.00 W, 2820 MHz, 10801 MHz
2026/10/01 20:37:56.933, 0, GPU-c0cacca4-e74e-bd6a-815c-7b54ee668128, P0, 42, 0 %, 0 %, 4 MiB, 57.97 W, 320.00 W, 2505 MHz, 11201 MHz
2026/10/01 20:37:57.934, 0, GPU-c0cacca4-e74e-bd6a-815c-7b54ee668128, P0, 41, 0 %, 0 %, 363 MiB, 49.86 W, 320.00 W, 2505 MHz, 11201 MHz
2026/10/01 20:37:58.934, 0, GPU-c0cacca4-e74e-bd6a-815c-7b54ee668128, P2, 41, 0 %, 0 %, 363 MiB, 49.56 W, 320.00 W, 2505 MHz, 10801 MHz
2026/10/01 20:37:59.934, 0, GPU-c0cacca4-e74e-bd6a-815c-7b54ee668128, P2, 41, 0 %, 0 %, 363 MiB, 49.29 W, 320.00 W, 2505 MHz, 10801 MHz
2026/10/01 20:38:00.935, 0, GPU-c0cacca4-e74e-bd6a-815c-7b54ee668128, P2, 41, 0 %, 0 %, 363 MiB, 48.03 W, 320.00 W, 2505 MHz, 10801 MHz
2026/10/01 20:38:01.935, 0, GPU-c0cacca4-e74e-bd6a-815c-7b54ee668128, P2, 41, 0 %, 0 %, 363 MiB, 48.06 W, 320.00 W, 2505 MHz, 10801 MHz
2026/10/01 20:38:02.936, 0, GPU-c0cacca4-e74e-bd6a-815c-7b54ee668128, P2, 41, 0 %, 0 %, 363 MiB, 48.32 W, 320.00 W, 2505 MHz, 10801 MHz
2026/10/01 20:38:03.936, 0, GPU-c0cacca4-e74e-bd6a-815c-7b54ee668128, P2, 40, 0 %, 0 %, 363 MiB, 48.50 W, 320.00 W, 2505 MHz, 10801 MHz
2026/10/01 20:38:04.936, 0, GPU-c0cacca4-e74e-bd6a-815c-7b54ee668128, P2, 40, 0 %, 0 %, 363 MiB, 48.12 W, 320.00 W, 2505 MHz, 10801 MHz
2026/10/01 20:38:05.937, 0, GPU-c0cacca4-e74e-bd6a-815c-7b54ee668128, P2, 40, 0 %, 0 %, 363 MiB, 47.85 W, 320.00 W, 2505 MHz, 10801 MHz
2026/10/01 20:38:06.937, 0, GPU-c0cacca4-e74e-bd6a-815c-7b54ee668128, P2, 40, 0 %, 0 %, 363 MiB, 47.67 W, 320.00 W, 2505 MHz, 10801 MHz
2026/10/01 20:38:07.938, 0, GPU-c0cacca4-e74e-bd6a-815c-7b54ee668128, P2, 40, 0 %, 0 %, 363 MiB, 47.50 W, 320.00 W, 2505 MHz, 10801 MHz
2026/10/01 20:38:08.938, 0, GPU-c0cacca4-e74e-bd6a-815c-7b54ee668128, P2, 40, 0 %, 0 %, 363 MiB, 47.49 W, 320.00 W, 2505 MHz, 10801 MHz
2026/10/01 20:38:09.939, 0, GPU-c0cacca4-e74e-bd6a-815c-7b54ee668128, P2, 41, 3 %, 0 %, 707 MiB, 47.82 W, 320.00 W, 2505 MHz, 10801 MHz
2026/10/01 20:38:10.939, 0, GPU-c0cacca4-e74e-bd6a-815c-7b54ee668128, P2, 52, 95 %, 60 %, 873 MiB, 170.14 W, 320.00 W, 2805 MHz, 10801 MHz
2026/10/01 20:38:11.939, 0, GPU-c0cacca4-e74e-bd6a-815c-7b54ee668128, P2, 52, 92 %, 58 %, 873 MiB, 207.94 W, 320.00 W, 2805 MHz, 10801 MHz
2026/10/01 20:38:12.940, 0, GPU-c0cacca4-e74e-bd6a-815c-7b54ee668128, P2, 42, 0 %, 0 %, 873 MiB, 149.96 W, 320.00 W, 2820 MHz, 10801 MHz
2026/10/01 20:38:13.940, 0, GPU-c0cacca4-e74e-bd6a-815c-7b54ee668128, P2, 53, 94 %, 59 %, 873 MiB, 157.80 W, 320.00 W, 2805 MHz, 10801 MHz
2026/10/01 20:38:14.941, 0, GPU-c0cacca4-e74e-bd6a-815c-7b54ee668128, P2, 42, 0 %, 0 %, 873 MiB, 147.38 W, 320.00 W, 2820 MHz, 10801 MHz
2026/10/01 20:38:15.941, 0, GPU-c0cacca4-e74e-bd6a-815c-7b54ee668128, P2, 42, 0 %, 0 %, 4 MiB, 57.11 W, 320.00 W, 2820 MHz, 10801 MHz
2026/10/01 20:38:16.942, 0, GPU-c0cacca4-e74e-bd6a-815c-7b54ee668128, P0, 41, 0 %, 0 %, 4 MiB, 50.40 W, 320.00 W, 2505 MHz, 11201 MHz
2026/10/01 20:38:17.942, 0, GPU-c0cacca4-e74e-bd6a-815c-7b54ee668128, P2, 41, 0 %, 0 %, 363 MiB, 38.49 W, 320.00 W, 2505 MHz, 10801 MHz
2026/10/01 20:38:18.943, 0, GPU-c0cacca4-e74e-bd6a-815c-7b54ee668128, P2, 40, 0 %, 0 %, 363 MiB, 47.61 W, 320.00 W, 2505 MHz, 10801 MHz
2026/10/01 20:38:19.943, 0, GPU-c0cacca4-e74e-bd6a-815c-7b54ee668128, P2, 40, 0 %, 0 %, 363 MiB, 47.13 W, 320.00 W, 2505 MHz, 10801 MHz
2026/10/01 20:38:20.944, 0, GPU-c0cacca4-e74e-bd6a-815c-7b54ee668128, P2, 40, 0 %, 0 %, 363 MiB, 46.94 W, 320.00 W, 2505 MHz, 10801 MHz
2026/10/01 20:38:21.944, 0, GPU-c0cacca4-e74e-bd6a-815c-7b54ee668128, P2, 50, 92 %, 72 %, 777 MiB, 81.02 W, 320.00 W, 2820 MHz, 10801 MHz
2026/10/01 20:38:22.945, 0, GPU-c0cacca4-e74e-bd6a-815c-7b54ee668128, P2, 52, 94 %, 59 %, 777 MiB, 240.19 W, 320.00 W, 2805 MHz, 10801 MHz
2026/10/01 20:38:23.945, 0, GPU-c0cacca4-e74e-bd6a-815c-7b54ee668128, P2, 44, 42 %, 26 %, 777 MiB, 171.60 W, 320.00 W, 2820 MHz, 10801 MHz
2026/10/01 20:38:24.946, 0, GPU-c0cacca4-e74e-bd6a-815c-7b54ee668128, P2, 46, 82 %, 51 %, 777 MiB, 227.57 W, 320.00 W, 2805 MHz, 10801 MHz
2026/10/01 20:38:25.946, 0, GPU-c0cacca4-e74e-bd6a-815c-7b54ee668128, P2, 42, 0 %, 0 %, 4 MiB, 73.04 W, 320.00 W, 2805 MHz, 10801 MHz
2026/10/01 20:38:26.946, 0, GPU-c0cacca4-e74e-bd6a-815c-7b54ee668128, P0, 41, 0 %, 0 %, 4 MiB, 56.43 W, 320.00 W, 2505 MHz, 11201 MHz
2026/10/01 20:38:27.947, 0, GPU-c0cacca4-e74e-bd6a-815c-7b54ee668128, P2, 41, 3 %, 0 %, 363 MiB, 48.60 W, 320.00 W, 2505 MHz, 10801 MHz
2026/10/01 20:38:28.947, 0, GPU-c0cacca4-e74e-bd6a-815c-7b54ee668128, P2, 41, 0 %, 0 %, 363 MiB, 47.74 W, 320.00 W, 2505 MHz, 10801 MHz
2026/10/01 20:38:29.948, 0, GPU-c0cacca4-e74e-bd6a-815c-7b54ee668128, P2, 40, 0 %, 0 %, 363 MiB, 47.35 W, 320.00 W, 2505 MHz, 10801 MHz
2026/10/01 20:38:30.948, 0, GPU-c0cacca4-e74e-bd6a-815c-7b54ee668128, P2, 40, 0 %, 0 %, 363 MiB, 47.08 W, 320.00 W, 2505 MHz, 10801 MHz
2026/10/01 20:38:31.949, 0, GPU-c0cacca4-e74e-bd6a-815c-7b54ee668128, P2, 40, 0 %, 0 %, 363 MiB, 46.65 W, 320.00 W, 2505 MHz, 10801 MHz
2026/10/01 20:38:32.949, 0, GPU-c0cacca4-e74e-bd6a-815c-7b54ee668128, P2, 40, 0 %, 0 %, 363 MiB, 46.83 W, 320.00 W, 2505 MHz, 10801 MHz
2026/10/01 20:38:33.949, 0, GPU-c0cacca4-e74e-bd6a-815c-7b54ee668128, P2, 40, 0 %, 0 %, 363 MiB, 47.74 W, 320.00 W, 2505 MHz, 10801 MHz
2026/10/01 20:38:34.950, 0, GPU-c0cacca4-e74e-bd6a-815c-7b54ee668128, P2, 40, 0 %, 0 %, 363 MiB, 47.54 W, 320.00 W, 2505 MHz, 10801 MHz
2026/10/01 20:38:35.950, 0, GPU-c0cacca4-e74e-bd6a-815c-7b54ee668128, P2, 40, 0 %, 0 %, 363 MiB, 47.52 W, 320.00 W, 2505 MHz, 10801 MHz
2026/10/01 20:38:36.951, 0, GPU-c0cacca4-e74e-bd6a-815c-7b54ee668128, P2, 40, 0 %, 0 %, 363 MiB, 47.65 W, 320.00 W, 2505 MHz, 10801 MHz
2026/10/01 20:38:37.951, 0, GPU-c0cacca4-e74e-bd6a-815c-7b54ee668128, P2, 40, 0 %, 0 %, 363 MiB, 47.35 W, 320.00 W, 2505 MHz, 10801 MHz
2026/10/01 20:38:38.952, 0, GPU-c0cacca4-e74e-bd6a-815c-7b54ee668128, P2, 45, 89 %, 100 %, 789 MiB, 94.32 W, 320.00 W, 2820 MHz, 10801 MHz
2026/10/01 20:38:39.952, 0, GPU-c0cacca4-e74e-bd6a-815c-7b54ee668128, P2, 45, 73 %, 50 %, 789 MiB, 217.20 W, 320.00 W, 2805 MHz, 10801 MHz
2026/10/01 20:38:40.953, 0, GPU-c0cacca4-e74e-bd6a-815c-7b54ee668128, P2, 48, 98 %, 67 %, 789 MiB, 250.31 W, 320.00 W, 2805 MHz, 10801 MHz
2026/10/01 20:38:41.953, 0, GPU-c0cacca4-e74e-bd6a-815c-7b54ee668128, P2, 54, 98 %, 67 %, 789 MiB, 117.59 W, 320.00 W, 2775 MHz, 10801 MHz
2026/10/01 20:38:42.953, 0, GPU-c0cacca4-e74e-bd6a-815c-7b54ee668128, P2, 43, 0 %, 0 %, 789 MiB, 234.08 W, 320.00 W, 2820 MHz, 10801 MHz
2026/10/01 20:38:43.954, 0, GPU-c0cacca4-e74e-bd6a-815c-7b54ee668128, P2, 42, 0 %, 0 %, 4 MiB, 58.67 W, 320.00 W, 2820 MHz, 10801 MHz
2026/10/01 20:38:44.954, 0, GPU-c0cacca4-e74e-bd6a-815c-7b54ee668128, P0, 41, 0 %, 0 %, 4 MiB, 54.53 W, 320.00 W, 2505 MHz, 11201 MHz
2026/10/01 20:38:45.955, 0, GPU-c0cacca4-e74e-bd6a-815c-7b54ee668128, P2, 41, 2 %, 0 %, 363 MiB, 48.95 W, 320.00 W, 2505 MHz, 10801 MHz
2026/10/01 20:38:46.955, 0, GPU-c0cacca4-e74e-bd6a-815c-7b54ee668128, P2, 40, 0 %, 0 %, 363 MiB, 48.18 W, 320.00 W, 2505 MHz, 10801 MHz
2026/10/01 20:38:47.956, 0, GPU-c0cacca4-e74e-bd6a-815c-7b54ee668128, P2, 40, 0 %, 0 %, 363 MiB, 47.88 W, 320.00 W, 2505 MHz, 10801 MHz
2026/10/01 20:38:48.956, 0, GPU-c0cacca4-e74e-bd6a-815c-7b54ee668128, P2, 40, 0 %, 0 %, 363 MiB, 47.44 W, 320.00 W, 2505 MHz, 10801 MHz
2026/10/01 20:38:49.957, 0, GPU-c0cacca4-e74e-bd6a-815c-7b54ee668128, P2, 40, 0 %, 0 %, 363 MiB, 47.38 W, 320.00 W, 2505 MHz, 10801 MHz
2026/10/01 20:38:50.957, 0, GPU-c0cacca4-e74e-bd6a-815c-7b54ee668128, P2, 40, 0 %, 0 %, 363 MiB, 47.74 W, 320.00 W, 2505 MHz, 10801 MHz
2026/10/01 20:38:51.957, 0, GPU-c0cacca4-e74e-bd6a-815c-7b54ee668128, P2, 40, 0 %, 0 %, 363 MiB, 47.83 W, 320.00 W, 2505 MHz, 10801 MHz
2026/10/01 20:38:52.958, 0, GPU-c0cacca4-e74e-bd6a-815c-7b54ee668128, P2, 40, 0 %, 0 %, 363 MiB, 47.40 W, 320.00 W, 2505 MHz, 10801 MHz
2026/10/01 20:38:53.958, 0, GPU-c0cacca4-e74e-bd6a-815c-7b54ee668128, P2, 40, 0 %, 0 %, 363 MiB, 47.48 W, 320.00 W, 2505 MHz, 10801 MHz
2026/10/01 20:38:54.959, 0, GPU-c0cacca4-e74e-bd6a-815c-7b54ee668128, P2, 40, 0 %, 0 %, 573 MiB, 48.13 W, 320.00 W, 2505 MHz, 10801 MHz
2026/10/01 20:38:55.960, 0, GPU-c0cacca4-e74e-bd6a-815c-7b54ee668128, P2, 49, 54 %, 39 %, 805 MiB, 110.29 W, 320.00 W, 2820 MHz, 10801 MHz
2026/10/01 20:38:56.960, 0, GPU-c0cacca4-e74e-bd6a-815c-7b54ee668128, P2, 53, 98 %, 50 %, 805 MiB, 227.31 W, 320.00 W, 2805 MHz, 10801 MHz
2026/10/01 20:38:57.961, 0, GPU-c0cacca4-e74e-bd6a-815c-7b54ee668128, P2, 44, 0 %, 0 %, 805 MiB, 246.23 W, 320.00 W, 2820 MHz, 10801 MHz
2026/10/01 20:38:58.961, 0, GPU-c0cacca4-e74e-bd6a-815c-7b54ee668128, P2, 54, 98 %, 48 %, 805 MiB, 132.14 W, 320.00 W, 2805 MHz, 10801 MHz
2026/10/01 20:38:59.962, 0, GPU-c0cacca4-e74e-bd6a-815c-7b54ee668128, P2, 43, 0 %, 0 %, 805 MiB, 220.44 W, 320.00 W, 2820 MHz, 10801 MHz
2026/10/01 20:39:00.962, 0, GPU-c0cacca4-e74e-bd6a-815c-7b54ee668128, P2, 42, 0 %, 0 %, 4 MiB, 58.90 W, 320.00 W, 2820 MHz, 10801 MHz
2026/10/01 20:39:01.963, 0, GPU-c0cacca4-e74e-bd6a-815c-7b54ee668128, P0, 41, 0 %, 0 %, 4 MiB, 54.41 W, 320.00 W, 2505 MHz, 11201 MHz
2026/10/01 20:39:02.963, 0, GPU-c0cacca4-e74e-bd6a-815c-7b54ee668128, P0, 41, 0 %, 0 %, 383 MiB, 48.74 W, 320.00 W, 2505 MHz, 11201 MHz
2026/10/01 20:39:03.963, 0, GPU-c0cacca4-e74e-bd6a-815c-7b54ee668128, P2, 41, 0 %, 0 %, 383 MiB, 48.37 W, 320.00 W, 2505 MHz, 10801 MHz
2026/10/01 20:39:04.964, 0, GPU-c0cacca4-e74e-bd6a-815c-7b54ee668128, P2, 41, 0 %, 0 %, 383 MiB, 47.79 W, 320.00 W, 2505 MHz, 10801 MHz
2026/10/01 20:39:05.964, 0, GPU-c0cacca4-e74e-bd6a-815c-7b54ee668128, P2, 40, 0 %, 0 %, 383 MiB, 47.46 W, 320.00 W, 2505 MHz, 10801 MHz
2026/10/01 20:39:06.965, 0, GPU-c0cacca4-e74e-bd6a-815c-7b54ee668128, P2, 40, 0 %, 0 %, 383 MiB, 47.30 W, 320.00 W, 2505 MHz, 10801 MHz
2026/10/01 20:39:07.965, 0, GPU-c0cacca4-e74e-bd6a-815c-7b54ee668128, P2, 40, 0 %, 0 %, 383 MiB, 47.06 W, 320.00 W, 2505 MHz, 10801 MHz
2026/10/01 20:39:08.966, 0, GPU-c0cacca4-e74e-bd6a-815c-7b54ee668128, P2, 40, 0 %, 0 %, 383 MiB, 47.49 W, 320.00 W, 2505 MHz, 10801 MHz
2026/10/01 20:39:09.966, 0, GPU-c0cacca4-e74e-bd6a-815c-7b54ee668128, P2, 40, 0 %, 0 %, 383 MiB, 47.68 W, 320.00 W, 2505 MHz, 10801 MHz
2026/10/01 20:39:10.967, 0, GPU-c0cacca4-e74e-bd6a-815c-7b54ee668128, P2, 40, 0 %, 0 %, 383 MiB, 47.35 W, 320.00 W, 2505 MHz, 10801 MHz
2026/10/01 20:39:11.967, 0, GPU-c0cacca4-e74e-bd6a-815c-7b54ee668128, P2, 40, 0 %, 0 %, 383 MiB, 47.13 W, 320.00 W, 2505 MHz, 10801 MHz
2026/10/01 20:39:12.968, 0, GPU-c0cacca4-e74e-bd6a-815c-7b54ee668128, P2, 40, 0 %, 0 %, 383 MiB, 46.93 W, 320.00 W, 2505 MHz, 10801 MHz
2026/10/01 20:39:13.968, 0, GPU-c0cacca4-e74e-bd6a-815c-7b54ee668128, P2, 40, 0 %, 0 %, 383 MiB, 46.83 W, 320.00 W, 2505 MHz, 10801 MHz
2026/10/01 20:39:14.968, 0, GPU-c0cacca4-e74e-bd6a-815c-7b54ee668128, P2, 39, 0 %, 0 %, 611 MiB, 46.46 W, 320.00 W, 2505 MHz, 10801 MHz
2026/10/01 20:39:15.969, 0, GPU-c0cacca4-e74e-bd6a-815c-7b54ee668128, P2, 49, 53 %, 43 %, 907 MiB, 92.14 W, 320.00 W, 2820 MHz, 10801 MHz
2026/10/01 20:39:16.970, 0, GPU-c0cacca4-e74e-bd6a-815c-7b54ee668128, P2, 49, 75 %, 57 %, 907 MiB, 190.80 W, 320.00 W, 2820 MHz, 10801 MHz
2026/10/01 20:39:17.971, 0, GPU-c0cacca4-e74e-bd6a-815c-7b54ee668128, P2, 42, 0 %, 0 %, 907 MiB, 177.48 W, 320.00 W, 2820 MHz, 10801 MHz
2026/10/01 20:39:18.971, 0, GPU-c0cacca4-e74e-bd6a-815c-7b54ee668128, P2, 50, 74 %, 57 %, 907 MiB, 119.75 W, 320.00 W, 2805 MHz, 10801 MHz
2026/10/01 20:39:19.972, 0, GPU-c0cacca4-e74e-bd6a-815c-7b54ee668128, P2, 42, 0 %, 0 %, 907 MiB, 161.04 W, 320.00 W, 2820 MHz, 10801 MHz
2026/10/01 20:39:20.972, 0, GPU-c0cacca4-e74e-bd6a-815c-7b54ee668128, P2, 41, 0 %, 0 %, 4 MiB, 56.55 W, 320.00 W, 2820 MHz, 10801 MHz
2026/10/01 20:39:21.972, 0, GPU-c0cacca4-e74e-bd6a-815c-7b54ee668128, P0, 40, 0 %, 0 %, 4 MiB, 51.62 W, 320.00 W, 2505 MHz, 11201 MHz
2026/10/01 20:39:22.973, 0, GPU-c0cacca4-e74e-bd6a-815c-7b54ee668128, P2, 40, 6 %, 0 %, 383 MiB, 48.12 W, 320.00 W, 2505 MHz, 10801 MHz
2026/10/01 20:39:23.973, 0, GPU-c0cacca4-e74e-bd6a-815c-7b54ee668128, P2, 40, 0 %, 0 %, 383 MiB, 47.82 W, 320.00 W, 2505 MHz, 10801 MHz
2026/10/01 20:39:24.974, 0, GPU-c0cacca4-e74e-bd6a-815c-7b54ee668128, P2, 40, 0 %, 0 %, 383 MiB, 47.12 W, 320.00 W, 2505 MHz, 10801 MHz
2026/10/01 20:39:25.974, 0, GPU-c0cacca4-e74e-bd6a-815c-7b54ee668128, P2, 40, 0 %, 0 %, 383 MiB, 46.97 W, 320.00 W, 2505 MHz, 10801 MHz
2026/10/01 20:39:26.975, 0, GPU-c0cacca4-e74e-bd6a-815c-7b54ee668128, P2, 50, 72 %, 68 %, 7455 MiB, 71.94 W, 320.00 W, 2805 MHz, 10801 MHz
2026/10/01 20:39:27.976, 0, GPU-c0cacca4-e74e-bd6a-815c-7b54ee668128, P2, 52, 100 %, 93 %, 7455 MiB, 249.62 W, 320.00 W, 2775 MHz, 10801 MHz
2026/10/01 20:39:28.976, 0, GPU-c0cacca4-e74e-bd6a-815c-7b54ee668128, P2, 42, 3 %, 1 %, 7455 MiB, 200.79 W, 320.00 W, 2820 MHz, 10801 MHz
2026/10/01 20:39:29.977, 0, GPU-c0cacca4-e74e-bd6a-815c-7b54ee668128, P2, 55, 98 %, 91 %, 7455 MiB, 228.25 W, 320.00 W, 2730 MHz, 10801 MHz
2026/10/01 20:39:30.978, 0, GPU-c0cacca4-e74e-bd6a-815c-7b54ee668128, P2, 42, 0 %, 0 %, 7455 MiB, 121.99 W, 320.00 W, 2820 MHz, 10801 MHz
2026/10/01 20:39:31.978, 0, GPU-c0cacca4-e74e-bd6a-815c-7b54ee668128, P0, 42, 0 %, 0 %, 4 MiB, 59.62 W, 320.00 W, 2820 MHz, 11201 MHz
2026/10/01 20:39:32.979, 0, GPU-c0cacca4-e74e-bd6a-815c-7b54ee668128, P0, 41, 0 %, 0 %, 383 MiB, 55.26 W, 320.00 W, 2505 MHz, 11201 MHz
2026/10/01 20:39:33.979, 0, GPU-c0cacca4-e74e-bd6a-815c-7b54ee668128, P2, 41, 0 %, 0 %, 383 MiB, 46.87 W, 320.00 W, 2505 MHz, 10801 MHz
2026/10/01 20:39:34.980, 0, GPU-c0cacca4-e74e-bd6a-815c-7b54ee668128, P2, 41, 0 %, 0 %, 383 MiB, 48.48 W, 320.00 W, 2505 MHz, 10801 MHz
2026/10/01 20:39:35.980, 0, GPU-c0cacca4-e74e-bd6a-815c-7b54ee668128, P2, 40, 0 %, 0 %, 383 MiB, 47.91 W, 320.00 W, 2505 MHz, 10801 MHz
2026/10/01 20:39:36.980, 0, GPU-c0cacca4-e74e-bd6a-815c-7b54ee668128, P2, 40, 1 %, 0 %, 7455 MiB, 48.16 W, 320.00 W, 2505 MHz, 10801 MHz
2026/10/01 20:39:37.981, 0, GPU-c0cacca4-e74e-bd6a-815c-7b54ee668128, P2, 55, 100 %, 80 %, 7455 MiB, 205.48 W, 320.00 W, 2775 MHz, 10801 MHz
2026/10/01 20:39:38.982, 0, GPU-c0cacca4-e74e-bd6a-815c-7b54ee668128, P2, 55, 99 %, 80 %, 7455 MiB, 255.90 W, 320.00 W, 2775 MHz, 10801 MHz
2026/10/01 20:39:39.982, 0, GPU-c0cacca4-e74e-bd6a-815c-7b54ee668128, P2, 52, 64 %, 51 %, 7455 MiB, 165.11 W, 320.00 W, 2805 MHz, 10801 MHz
2026/10/01 20:39:40.983, 0, GPU-c0cacca4-e74e-bd6a-815c-7b54ee668128, P2, 54, 98 %, 77 %, 7455 MiB, 272.42 W, 320.00 W, 2775 MHz, 10801 MHz
2026/10/01 20:39:41.983, 0, GPU-c0cacca4-e74e-bd6a-815c-7b54ee668128, P2, 43, 0 %, 0 %, 4 MiB, 88.48 W, 320.00 W, 2820 MHz, 10801 MHz
2026/10/01 20:39:42.996, 0, GPU-c0cacca4-e74e-bd6a-815c-7b54ee668128, P0, 42, 0 %, 0 %, 4 MiB, 61.36 W, 320.00 W, 2820 MHz, 11201 MHz
2026/10/01 20:39:43.997, 0, GPU-c0cacca4-e74e-bd6a-815c-7b54ee668128, P2, 42, 0 %, 0 %, 403 MiB, 59.00 W, 320.00 W, 2505 MHz, 10801 MHz
2026/10/01 20:39:44.997, 0, GPU-c0cacca4-e74e-bd6a-815c-7b54ee668128, P2, 41, 0 %, 0 %, 403 MiB, 51.41 W, 320.00 W, 2505 MHz, 10801 MHz
2026/10/01 20:39:45.997, 0, GPU-c0cacca4-e74e-bd6a-815c-7b54ee668128, P2, 41, 0 %, 0 %, 403 MiB, 48.13 W, 320.00 W, 2505 MHz, 10801 MHz
2026/10/01 20:39:46.998, 0, GPU-c0cacca4-e74e-bd6a-815c-7b54ee668128, P2, 41, 0 %, 0 %, 403 MiB, 48.21 W, 320.00 W, 2505 MHz, 10801 MHz
2026/10/01 20:39:47.998, 0, GPU-c0cacca4-e74e-bd6a-815c-7b54ee668128, P2, 48, 89 %, 74 %, 7843 MiB, 78.97 W, 320.00 W, 2820 MHz, 10801 MHz
2026/10/01 20:39:49.000, 0, GPU-c0cacca4-e74e-bd6a-815c-7b54ee668128, P2, 52, 99 %, 97 %, 7843 MiB, 237.31 W, 320.00 W, 2805 MHz, 10801 MHz
2026/10/01 20:39:50.000, 0, GPU-c0cacca4-e74e-bd6a-815c-7b54ee668128, P2, 44, 43 %, 43 %, 7843 MiB, 177.05 W, 320.00 W, 2820 MHz, 10801 MHz
2026/10/01 20:39:51.001, 0, GPU-c0cacca4-e74e-bd6a-815c-7b54ee668128, P2, 46, 65 %, 64 %, 7843 MiB, 239.41 W, 320.00 W, 2805 MHz, 10801 MHz
2026/10/01 20:39:52.002, 0, GPU-c0cacca4-e74e-bd6a-815c-7b54ee668128, P2, 43, 0 %, 0 %, 7843 MiB, 72.89 W, 320.00 W, 2820 MHz, 10801 MHz
2026/10/01 20:39:53.002, 0, GPU-c0cacca4-e74e-bd6a-815c-7b54ee668128, P0, 42, 0 %, 0 %, 4 MiB, 61.35 W, 320.00 W, 2820 MHz, 11201 MHz
2026/10/01 20:39:54.002, 0, GPU-c0cacca4-e74e-bd6a-815c-7b54ee668128, P2, 42, 0 %, 0 %, 341 MiB, 58.74 W, 320.00 W, 2820 MHz, 10801 MHz
2026/10/01 20:39:55.003, 0, GPU-c0cacca4-e74e-bd6a-815c-7b54ee668128, P2, 41, 0 %, 0 %, 361 MiB, 52.97 W, 320.00 W, 2505 MHz, 10801 MHz
2026/10/01 20:39:56.003, 0, GPU-c0cacca4-e74e-bd6a-815c-7b54ee668128, P2, 41, 0 %, 0 %, 361 MiB, 52.04 W, 320.00 W, 2505 MHz, 10801 MHz
2026/10/01 20:39:57.004, 0, GPU-c0cacca4-e74e-bd6a-815c-7b54ee668128, P2, 41, 0 %, 0 %, 361 MiB, 47.30 W, 320.00 W, 2505 MHz, 10801 MHz
2026/10/01 20:39:58.004, 0, GPU-c0cacca4-e74e-bd6a-815c-7b54ee668128, P2, 41, 0 %, 0 %, 2273 MiB, 47.91 W, 320.00 W, 2505 MHz, 10801 MHz
2026/10/01 20:39:59.005, 0, GPU-c0cacca4-e74e-bd6a-815c-7b54ee668128, P2, 49, 100 %, 81 %, 6379 MiB, 143.62 W, 320.00 W, 2820 MHz, 10801 MHz
2026/10/01 20:40:00.005, 0, GPU-c0cacca4-e74e-bd6a-815c-7b54ee668128, P2, 51, 99 %, 75 %, 6379 MiB, 220.95 W, 320.00 W, 2805 MHz, 10801 MHz
2026/10/01 20:40:01.006, 0, GPU-c0cacca4-e74e-bd6a-815c-7b54ee668128, P2, 46, 85 %, 64 %, 6379 MiB, 242.76 W, 320.00 W, 2805 MHz, 10801 MHz
2026/10/01 20:40:02.007, 0, GPU-c0cacca4-e74e-bd6a-815c-7b54ee668128, P2, 51, 98 %, 84 %, 6379 MiB, 145.57 W, 320.00 W, 2805 MHz, 10801 MHz
2026/10/01 20:40:03.007, 0, GPU-c0cacca4-e74e-bd6a-815c-7b54ee668128, P2, 47, 76 %, 62 %, 6379 MiB, 243.04 W, 320.00 W, 2805 MHz, 10801 MHz
2026/10/01 20:40:04.007, 0, GPU-c0cacca4-e74e-bd6a-815c-7b54ee668128, P2, 43, 0 %, 0 %, 6379 MiB, 73.36 W, 320.00 W, 2820 MHz, 10801 MHz
2026/10/01 20:40:05.008, 0, GPU-c0cacca4-e74e-bd6a-815c-7b54ee668128, P0, 43, 0 %, 0 %, 4 MiB, 61.33 W, 320.00 W, 2820 MHz, 11201 MHz
2026/10/01 20:40:06.008, 0, GPU-c0cacca4-e74e-bd6a-815c-7b54ee668128, P2, 43, 0 %, 0 %, 307 MiB, 59.60 W, 320.00 W, 2820 MHz, 10801 MHz
2026/10/01 20:40:07.009, 0, GPU-c0cacca4-e74e-bd6a-815c-7b54ee668128, P2, 42, 0 %, 0 %, 361 MiB, 54.14 W, 320.00 W, 2505 MHz, 10801 MHz
2026/10/01 20:40:08.009, 0, GPU-c0cacca4-e74e-bd6a-815c-7b54ee668128, P2, 41, 0 %, 0 %, 361 MiB, 53.56 W, 320.00 W, 2505 MHz, 10801 MHz
2026/10/01 20:40:09.010, 0, GPU-c0cacca4-e74e-bd6a-815c-7b54ee668128, P2, 41, 0 %, 0 %, 361 MiB, 48.75 W, 320.00 W, 2505 MHz, 10801 MHz
2026/10/01 20:40:10.010, 0, GPU-c0cacca4-e74e-bd6a-815c-7b54ee668128, P2, 50, 76 %, 63 %, 6155 MiB, 80.56 W, 320.00 W, 2715 MHz, 10801 MHz
2026/10/01 20:40:11.010, 0, GPU-c0cacca4-e74e-bd6a-815c-7b54ee668128, P2, 51, 99 %, 87 %, 6155 MiB, 221.75 W, 320.00 W, 2805 MHz, 10801 MHz
2026/10/01 20:40:12.011, 0, GPU-c0cacca4-e74e-bd6a-815c-7b54ee668128, P2, 51, 100 %, 89 %, 6155 MiB, 249.73 W, 320.00 W, 2805 MHz, 10801 MHz
2026/10/01 20:40:13.012, 0, GPU-c0cacca4-e74e-bd6a-815c-7b54ee668128, P2, 52, 65 %, 52 %, 6155 MiB, 153.23 W, 320.00 W, 2805 MHz, 10801 MHz
2026/10/01 20:40:14.013, 0, GPU-c0cacca4-e74e-bd6a-815c-7b54ee668128, P2, 55, 99 %, 75 %, 6155 MiB, 240.90 W, 320.00 W, 2805 MHz, 10801 MHz
2026/10/01 20:40:15.014, 0, GPU-c0cacca4-e74e-bd6a-815c-7b54ee668128, P2, 44, 0 %, 0 %, 6155 MiB, 156.12 W, 320.00 W, 2820 MHz, 10801 MHz
2026/10/01 20:40:16.014, 0, GPU-c0cacca4-e74e-bd6a-815c-7b54ee668128, P0, 43, 18 %, 2 %, 4 MiB, 62.15 W, 320.00 W, 2820 MHz, 11201 MHz
2026/10/01 20:40:17.015, 0, GPU-c0cacca4-e74e-bd6a-815c-7b54ee668128, P0, 43, 0 %, 0 %, 4 MiB, 62.74 W, 320.00 W, 2820 MHz, 11201 MHz
2026/10/01 20:40:18.015, 0, GPU-c0cacca4-e74e-bd6a-815c-7b54ee668128, P2, 42, 0 %, 0 %, 381 MiB, 59.52 W, 320.00 W, 2505 MHz, 10801 MHz
2026/10/01 20:40:19.015, 0, GPU-c0cacca4-e74e-bd6a-815c-7b54ee668128, P2, 42, 0 %, 0 %, 381 MiB, 54.56 W, 320.00 W, 2505 MHz, 10801 MHz
2026/10/01 20:40:20.016, 0, GPU-c0cacca4-e74e-bd6a-815c-7b54ee668128, P2, 42, 0 %, 0 %, 381 MiB, 49.38 W, 320.00 W, 2505 MHz, 10801 MHz
2026/10/01 20:40:21.016, 0, GPU-c0cacca4-e74e-bd6a-815c-7b54ee668128, P2, 42, 0 %, 0 %, 381 MiB, 49.40 W, 320.00 W, 2505 MHz, 10801 MHz
2026/10/01 20:40:22.017, 0, GPU-c0cacca4-e74e-bd6a-815c-7b54ee668128, P2, 51, 100 %, 100 %, 8333 MiB, 97.15 W, 320.00 W, 2805 MHz, 10801 MHz
2026/10/01 20:40:23.018, 0, GPU-c0cacca4-e74e-bd6a-815c-7b54ee668128, P2, 53, 99 %, 99 %, 8333 MiB, 244.43 W, 320.00 W, 2805 MHz, 10801 MHz
2026/10/01 20:40:24.019, 0, GPU-c0cacca4-e74e-bd6a-815c-7b54ee668128, P2, 49, 8 %, 7 %, 8333 MiB, 158.89 W, 320.00 W, 2820 MHz, 10801 MHz
2026/10/01 20:40:25.020, 0, GPU-c0cacca4-e74e-bd6a-815c-7b54ee668128, P2, 46, 0 %, 0 %, 8333 MiB, 234.73 W, 320.00 W, 2820 MHz, 10801 MHz
2026/10/01 20:40:26.020, 0, GPU-c0cacca4-e74e-bd6a-815c-7b54ee668128, P2, 43, 0 %, 0 %, 8333 MiB, 61.56 W, 320.00 W, 2820 MHz, 10801 MHz
2026/10/01 20:40:27.020, 0, GPU-c0cacca4-e74e-bd6a-815c-7b54ee668128, P0, 43, 0 %, 0 %, 4 MiB, 63.48 W, 320.00 W, 2820 MHz, 11201 MHz
2026/10/01 20:40:28.021, 0, GPU-c0cacca4-e74e-bd6a-815c-7b54ee668128, P2, 43, 3 %, 0 %, 363 MiB, 61.37 W, 320.00 W, 2820 MHz, 10801 MHz
2026/10/01 20:40:29.021, 0, GPU-c0cacca4-e74e-bd6a-815c-7b54ee668128, P2, 42, 0 %, 0 %, 363 MiB, 53.02 W, 320.00 W, 2505 MHz, 10801 MHz
2026/10/01 20:40:30.022, 0, GPU-c0cacca4-e74e-bd6a-815c-7b54ee668128, P2, 42, 0 %, 0 %, 363 MiB, 49.75 W, 320.00 W, 2505 MHz, 10801 MHz
2026/10/01 20:40:31.022, 0, GPU-c0cacca4-e74e-bd6a-815c-7b54ee668128, P2, 42, 0 %, 0 %, 363 MiB, 49.43 W, 320.00 W, 2505 MHz, 10801 MHz
2026/10/01 20:40:32.023, 0, GPU-c0cacca4-e74e-bd6a-815c-7b54ee668128, P2, 41, 0 %, 0 %, 363 MiB, 49.03 W, 320.00 W, 2505 MHz, 10801 MHz
2026/10/01 20:40:33.023, 0, GPU-c0cacca4-e74e-bd6a-815c-7b54ee668128, P2, 41, 0 %, 0 %, 363 MiB, 49.07 W, 320.00 W, 2505 MHz, 10801 MHz
2026/10/01 20:40:34.024, 0, GPU-c0cacca4-e74e-bd6a-815c-7b54ee668128, P2, 41, 0 %, 0 %, 363 MiB, 48.95 W, 320.00 W, 2505 MHz, 10801 MHz
2026/10/01 20:40:35.024, 0, GPU-c0cacca4-e74e-bd6a-815c-7b54ee668128, P2, 41, 0 %, 0 %, 363 MiB, 48.81 W, 320.00 W, 2505 MHz, 10801 MHz
2026/10/01 20:40:36.025, 0, GPU-c0cacca4-e74e-bd6a-815c-7b54ee668128, P2, 41, 0 %, 0 %, 363 MiB, 48.88 W, 320.00 W, 2505 MHz, 10801 MHz
2026/10/01 20:40:37.025, 0, GPU-c0cacca4-e74e-bd6a-815c-7b54ee668128, P2, 41, 0 %, 0 %, 363 MiB, 48.80 W, 320.00 W, 2505 MHz, 10801 MHz
2026/10/01 20:40:38.026, 0, GPU-c0cacca4-e74e-bd6a-815c-7b54ee668128, P2, 41, 0 %, 0 %, 363 MiB, 48.61 W, 320.00 W, 2505 MHz, 10801 MHz
2026/10/01 20:40:39.026, 0, GPU-c0cacca4-e74e-bd6a-815c-7b54ee668128, P2, 41, 0 %, 0 %, 363 MiB, 48.32 W, 320.00 W, 2505 MHz, 10801 MHz
2026/10/01 20:40:40.027, 0, GPU-c0cacca4-e74e-bd6a-815c-7b54ee668128, P2, 41, 0 %, 0 %, 2273 MiB, 49.44 W, 320.00 W, 2505 MHz, 10801 MHz
2026/10/01 20:40:41.027, 0, GPU-c0cacca4-e74e-bd6a-815c-7b54ee668128, P2, 42, 74 %, 7 %, 3299 MiB, 106.44 W, 320.00 W, 2820 MHz, 10801 MHz
2026/10/01 20:40:42.028, 0, GPU-c0cacca4-e74e-bd6a-815c-7b54ee668128, P2, 46, 76 %, 65 %, 6891 MiB, 132.35 W, 320.00 W, 2790 MHz, 10801 MHz
2026/10/01 20:40:43.029, 0, GPU-c0cacca4-e74e-bd6a-815c-7b54ee668128, P2, 56, 99 %, 100 %, 6891 MiB, 254.45 W, 320.00 W, 2685 MHz, 10801 MHz
2026/10/01 20:40:44.029, 0, GPU-c0cacca4-e74e-bd6a-815c-7b54ee668128, P2, 45, 22 %, 23 %, 6891 MiB, 135.98 W, 320.00 W, 2820 MHz, 10801 MHz
2026/10/01 20:40:45.030, 0, GPU-c0cacca4-e74e-bd6a-815c-7b54ee668128, P2, 45, 0 %, 0 %, 6891 MiB, 222.54 W, 320.00 W, 2820 MHz, 10801 MHz
2026/10/01 20:40:46.031, 0, GPU-c0cacca4-e74e-bd6a-815c-7b54ee668128, P2, 43, 0 %, 0 %, 6891 MiB, 59.01 W, 320.00 W, 2820 MHz, 10801 MHz
2026/10/01 20:40:47.031, 0, GPU-c0cacca4-e74e-bd6a-815c-7b54ee668128, P0, 42, 100 %, 11 %, 4 MiB, 57.78 W, 320.00 W, 2820 MHz, 11201 MHz
2026/10/01 20:40:48.032, 0, GPU-c0cacca4-e74e-bd6a-815c-7b54ee668128, P0, 42, 0 %, 0 %, 4 MiB, 58.38 W, 320.00 W, 2820 MHz, 11201 MHz
2026/10/01 20:40:49.032, 0, GPU-c0cacca4-e74e-bd6a-815c-7b54ee668128, P2, 42, 0 %, 0 %, 363 MiB, 56.99 W, 320.00 W, 2505 MHz, 10801 MHz
2026/10/01 20:40:50.033, 0, GPU-c0cacca4-e74e-bd6a-815c-7b54ee668128, P2, 41, 0 %, 0 %, 363 MiB, 49.54 W, 320.00 W, 2505 MHz, 10801 MHz
2026/10/01 20:40:51.033, 0, GPU-c0cacca4-e74e-bd6a-815c-7b54ee668128, P2, 41, 0 %, 0 %, 363 MiB, 48.07 W, 320.00 W, 2505 MHz, 10801 MHz
2026/10/01 20:40:52.034, 0, GPU-c0cacca4-e74e-bd6a-815c-7b54ee668128, P2, 41, 0 %, 0 %, 363 MiB, 48.13 W, 320.00 W, 2505 MHz, 10801 MHz
2026/10/01 20:40:53.034, 0, GPU-c0cacca4-e74e-bd6a-815c-7b54ee668128, P2, 43, 99 %, 28 %, 2273 MiB, 57.32 W, 320.00 W, 2820 MHz, 10801 MHz
2026/10/01 20:40:54.035, 0, GPU-c0cacca4-e74e-bd6a-815c-7b54ee668128, P2, 45, 60 %, 62 %, 6889 MiB, 205.27 W, 320.00 W, 2820 MHz, 10801 MHz
2026/10/01 20:40:55.035, 0, GPU-c0cacca4-e74e-bd6a-815c-7b54ee668128, P2, 44, 1 %, 0 %, 6889 MiB, 218.81 W, 320.00 W, 2820 MHz, 10801 MHz
2026/10/01 20:40:56.036, 0, GPU-c0cacca4-e74e-bd6a-815c-7b54ee668128, P2, 51, 23 %, 24 %, 6889 MiB, 231.99 W, 320.00 W, 2805 MHz, 10801 MHz
2026/10/01 20:40:57.037, 0, GPU-c0cacca4-e74e-bd6a-815c-7b54ee668128, P2, 43, 0 %, 0 %, 6889 MiB, 65.18 W, 320.00 W, 2820 MHz, 10801 MHz
2026/10/01 20:40:58.037, 0, GPU-c0cacca4-e74e-bd6a-815c-7b54ee668128, P0, 43, 0 %, 0 %, 4 MiB, 61.83 W, 320.00 W, 2820 MHz, 11201 MHz
2026/10/01 20:40:59.038, 0, GPU-c0cacca4-e74e-bd6a-815c-7b54ee668128, P0, 43, 0 %, 0 %, 4 MiB, 61.99 W, 320.00 W, 2820 MHz, 11201 MHz
2026/10/01 20:41:00.039, 0, GPU-c0cacca4-e74e-bd6a-815c-7b54ee668128, P2, 42, 0 %, 0 %, 363 MiB, 56.43 W, 320.00 W, 2505 MHz, 10801 MHz
2026/10/01 20:41:01.041, 0, GPU-c0cacca4-e74e-bd6a-815c-7b54ee668128, P2, 42, 0 %, 0 %, 363 MiB, 53.20 W, 320.00 W, 2505 MHz, 10801 MHz
2026/10/01 20:41:02.042, 0, GPU-c0cacca4-e74e-bd6a-815c-7b54ee668128, P2, 41, 0 %, 0 %, 363 MiB, 49.28 W, 320.00 W, 2505 MHz, 10801 MHz
2026/10/01 20:41:03.042, 0, GPU-c0cacca4-e74e-bd6a-815c-7b54ee668128, P2, 41, 0 %, 0 %, 363 MiB, 49.07 W, 320.00 W, 2505 MHz, 10801 MHz
2026/10/01 20:41:04.043, 0, GPU-c0cacca4-e74e-bd6a-815c-7b54ee668128, P2, 41, 0 %, 0 %, 363 MiB, 48.56 W, 320.00 W, 2505 MHz, 10801 MHz
2026/10/01 20:41:05.043, 0, GPU-c0cacca4-e74e-bd6a-815c-7b54ee668128, P2, 41, 0 %, 0 %, 363 MiB, 48.62 W, 320.00 W, 2505 MHz, 10801 MHz
2026/10/01 20:41:06.044, 0, GPU-c0cacca4-e74e-bd6a-815c-7b54ee668128, P2, 41, 0 %, 0 %, 363 MiB, 48.46 W, 320.00 W, 2505 MHz, 10801 MHz
2026/10/01 20:41:07.044, 0, GPU-c0cacca4-e74e-bd6a-815c-7b54ee668128, P2, 41, 0 %, 0 %, 363 MiB, 48.52 W, 320.00 W, 2505 MHz, 10801 MHz
2026/10/01 20:41:08.045, 0, GPU-c0cacca4-e74e-bd6a-815c-7b54ee668128, P2, 41, 0 %, 0 %, 363 MiB, 48.44 W, 320.00 W, 2505 MHz, 10801 MHz
2026/10/01 20:41:09.045, 0, GPU-c0cacca4-e74e-bd6a-815c-7b54ee668128, P2, 41, 0 %, 0 %, 363 MiB, 48.29 W, 320.00 W, 2505 MHz, 10801 MHz
2026/10/01 20:41:10.046, 0, GPU-c0cacca4-e74e-bd6a-815c-7b54ee668128, P2, 40, 0 %, 0 %, 363 MiB, 48.42 W, 320.00 W, 2505 MHz, 10801 MHz
2026/10/01 20:41:11.046, 0, GPU-c0cacca4-e74e-bd6a-815c-7b54ee668128, P2, 43, 0 %, 0 %, 3137 MiB, 143.86 W, 320.00 W, 2820 MHz, 10801 MHz
2026/10/01 20:41:12.047, 0, GPU-c0cacca4-e74e-bd6a-815c-7b54ee668128, P2, 45, 66 %, 76 %, 4677 MiB, 88.38 W, 320.00 W, 2820 MHz, 10801 MHz
2026/10/01 20:41:13.047, 0, GPU-c0cacca4-e74e-bd6a-815c-7b54ee668128, P2, 48, 73 %, 77 %, 7243 MiB, 216.76 W, 320.00 W, 2790 MHz, 10801 MHz
2026/10/01 20:41:14.048, 0, GPU-c0cacca4-e74e-bd6a-815c-7b54ee668128, P2, 45, 0 %, 0 %, 7243 MiB, 252.37 W, 320.00 W, 2820 MHz, 10801 MHz
2026/10/01 20:41:15.048, 0, GPU-c0cacca4-e74e-bd6a-815c-7b54ee668128, P2, 50, 97 %, 100 %, 7243 MiB, 97.41 W, 320.00 W, 2760 MHz, 10801 MHz
2026/10/01 20:41:16.049, 0, GPU-c0cacca4-e74e-bd6a-815c-7b54ee668128, P2, 45, 0 %, 0 %, 7243 MiB, 255.71 W, 320.00 W, 2805 MHz, 10801 MHz
2026/10/01 20:41:17.050, 0, GPU-c0cacca4-e74e-bd6a-815c-7b54ee668128, P2, 43, 0 %, 0 %, 7243 MiB, 60.29 W, 320.00 W, 2820 MHz, 10801 MHz
2026/10/01 20:41:18.050, 0, GPU-c0cacca4-e74e-bd6a-815c-7b54ee668128, P0, 42, 0 %, 0 %, 4 MiB, 60.17 W, 320.00 W, 2820 MHz, 11201 MHz
2026/10/01 20:41:19.051, 0, GPU-c0cacca4-e74e-bd6a-815c-7b54ee668128, P0, 42, 0 %, 0 %, 4 MiB, 59.86 W, 320.00 W, 2820 MHz, 11201 MHz
2026/10/01 20:41:20.051, 0, GPU-c0cacca4-e74e-bd6a-815c-7b54ee668128, P2, 42, 0 %, 0 %, 363 MiB, 56.91 W, 320.00 W, 2505 MHz, 10801 MHz
2026/10/01 20:41:21.051, 0, GPU-c0cacca4-e74e-bd6a-815c-7b54ee668128, P2, 41, 0 %, 0 %, 363 MiB, 51.34 W, 320.00 W, 2505 MHz, 10801 MHz
2026/10/01 20:41:22.052, 0, GPU-c0cacca4-e74e-bd6a-815c-7b54ee668128, P2, 41, 0 %, 0 %, 363 MiB, 48.75 W, 320.00 W, 2505 MHz, 10801 MHz
2026/10/01 20:41:23.052, 0, GPU-c0cacca4-e74e-bd6a-815c-7b54ee668128, P2, 41, 0 %, 0 %, 363 MiB, 48.47 W, 320.00 W, 2505 MHz, 10801 MHz
2026/10/01 20:41:24.053, 0, GPU-c0cacca4-e74e-bd6a-815c-7b54ee668128, P2, 41, 0 %, 0 %, 363 MiB, 48.60 W, 320.00 W, 2505 MHz, 10801 MHz
2026/10/01 20:41:25.053, 0, GPU-c0cacca4-e74e-bd6a-815c-7b54ee668128, P2, 41, 0 %, 0 %, 363 MiB, 48.53 W, 320.00 W, 2505 MHz, 10801 MHz
2026/10/01 20:41:26.054, 0, GPU-c0cacca4-e74e-bd6a-815c-7b54ee668128, P2, 41, 0 %, 0 %, 363 MiB, 48.40 W, 320.00 W, 2505 MHz, 10801 MHz
2026/10/01 20:41:27.054, 0, GPU-c0cacca4-e74e-bd6a-815c-7b54ee668128, P2, 41, 0 %, 0 %, 363 MiB, 48.20 W, 320.00 W, 2505 MHz, 10801 MHz
2026/10/01 20:41:28.054, 0, GPU-c0cacca4-e74e-bd6a-815c-7b54ee668128, P2, 41, 0 %, 0 %, 363 MiB, 47.99 W, 320.00 W, 2505 MHz, 10801 MHz
2026/10/01 20:41:29.055, 0, GPU-c0cacca4-e74e-bd6a-815c-7b54ee668128, P2, 40, 0 %, 0 %, 1537 MiB, 47.51 W, 320.00 W, 2505 MHz, 10801 MHz
2026/10/01 20:41:30.055, 0, GPU-c0cacca4-e74e-bd6a-815c-7b54ee668128, P2, 41, 39 %, 2 %, 3075 MiB, 97.22 W, 320.00 W, 2820 MHz, 10801 MHz
2026/10/01 20:41:31.056, 0, GPU-c0cacca4-e74e-bd6a-815c-7b54ee668128, P2, 46, 32 %, 31 %, 7179 MiB, 107.08 W, 320.00 W, 2820 MHz, 10801 MHz
2026/10/01 20:41:32.057, 0, GPU-c0cacca4-e74e-bd6a-815c-7b54ee668128, P2, 51, 99 %, 83 %, 7179 MiB, 216.50 W, 320.00 W, 2760 MHz, 10801 MHz
2026/10/01 20:41:33.057, 0, GPU-c0cacca4-e74e-bd6a-815c-7b54ee668128, P2, 45, 1 %, 0 %, 7179 MiB, 255.12 W, 320.00 W, 2820 MHz, 10801 MHz
2026/10/01 20:41:34.058, 0, GPU-c0cacca4-e74e-bd6a-815c-7b54ee668128, P2, 54, 98 %, 84 %, 7179 MiB, 140.11 W, 320.00 W, 2745 MHz, 10801 MHz
2026/10/01 20:41:35.058, 0, GPU-c0cacca4-e74e-bd6a-815c-7b54ee668128, P2, 44, 0 %, 0 %, 7179 MiB, 224.71 W, 320.00 W, 2820 MHz, 10801 MHz
2026/10/01 20:41:36.059, 0, GPU-c0cacca4-e74e-bd6a-815c-7b54ee668128, P2, 43, 0 %, 0 %, 7179 MiB, 59.19 W, 320.00 W, 2820 MHz, 10801 MHz
2026/10/01 20:41:37.059, 0, GPU-c0cacca4-e74e-bd6a-815c-7b54ee668128, P2, 42, 73 %, 8 %, 4 MiB, 55.29 W, 320.00 W, 2505 MHz, 10801 MHz
2026/10/01 20:41:38.059, 0, GPU-c0cacca4-e74e-bd6a-815c-7b54ee668128, P0, 42, 0 %, 0 %, 4 MiB, 58.53 W, 320.00 W, 2820 MHz, 11201 MHz
2026/10/01 20:41:39.060, 0, GPU-c0cacca4-e74e-bd6a-815c-7b54ee668128, P2, 42, 0 %, 0 %, 383 MiB, 59.35 W, 320.00 W, 2505 MHz, 10801 MHz
2026/10/01 20:41:40.060, 0, GPU-c0cacca4-e74e-bd6a-815c-7b54ee668128, P2, 41, 0 %, 0 %, 383 MiB, 51.13 W, 320.00 W, 2505 MHz, 10801 MHz
2026/10/01 20:41:41.061, 0, GPU-c0cacca4-e74e-bd6a-815c-7b54ee668128, P2, 41, 0 %, 0 %, 383 MiB, 48.60 W, 320.00 W, 2505 MHz, 10801 MHz
2026/10/01 20:41:42.061, 0, GPU-c0cacca4-e74e-bd6a-815c-7b54ee668128, P2, 41, 0 %, 0 %, 383 MiB, 48.49 W, 320.00 W, 2505 MHz, 10801 MHz
2026/10/01 20:41:43.062, 0, GPU-c0cacca4-e74e-bd6a-815c-7b54ee668128, P2, 41, 0 %, 0 %, 383 MiB, 48.07 W, 320.00 W, 2505 MHz, 10801 MHz
2026/10/01 20:41:44.062, 0, GPU-c0cacca4-e74e-bd6a-815c-7b54ee668128, P2, 41, 0 %, 0 %, 383 MiB, 47.92 W, 320.00 W, 2505 MHz, 10801 MHz
2026/10/01 20:41:45.063, 0, GPU-c0cacca4-e74e-bd6a-815c-7b54ee668128, P2, 41, 0 %, 0 %, 383 MiB, 48.03 W, 320.00 W, 2505 MHz, 10801 MHz
2026/10/01 20:41:46.063, 0, GPU-c0cacca4-e74e-bd6a-815c-7b54ee668128, P2, 41, 0 %, 0 %, 383 MiB, 47.94 W, 320.00 W, 2505 MHz, 10801 MHz
2026/10/01 20:41:47.064, 0, GPU-c0cacca4-e74e-bd6a-815c-7b54ee668128, P2, 40, 0 %, 0 %, 383 MiB, 48.04 W, 320.00 W, 2505 MHz, 10801 MHz
2026/10/01 20:41:48.064, 0, GPU-c0cacca4-e74e-bd6a-815c-7b54ee668128, P2, 40, 0 %, 0 %, 383 MiB, 48.00 W, 320.00 W, 2505 MHz, 10801 MHz
2026/10/01 20:41:49.065, 0, GPU-c0cacca4-e74e-bd6a-815c-7b54ee668128, P2, 40, 0 %, 0 %, 383 MiB, 47.74 W, 320.00 W, 2505 MHz, 10801 MHz
2026/10/01 20:41:50.065, 0, GPU-c0cacca4-e74e-bd6a-815c-7b54ee668128, P2, 40, 0 %, 0 %, 383 MiB, 47.61 W, 320.00 W, 2505 MHz, 10801 MHz
2026/10/01 20:41:51.066, 0, GPU-c0cacca4-e74e-bd6a-815c-7b54ee668128, P2, 40, 0 %, 0 %, 383 MiB, 47.69 W, 320.00 W, 2505 MHz, 10801 MHz
2026/10/01 20:41:52.066, 0, GPU-c0cacca4-e74e-bd6a-815c-7b54ee668128, P2, 50, 74 %, 77 %, 8333 MiB, 145.69 W, 320.00 W, 2805 MHz, 10801 MHz
2026/10/01 20:41:53.067, 0, GPU-c0cacca4-e74e-bd6a-815c-7b54ee668128, P2, 53, 98 %, 100 %, 8333 MiB, 248.52 W, 320.00 W, 2805 MHz, 10801 MHz
2026/10/01 20:41:54.067, 0, GPU-c0cacca4-e74e-bd6a-815c-7b54ee668128, P2, 42, 37 %, 39 %, 8333 MiB, 151.45 W, 320.00 W, 2820 MHz, 10801 MHz
2026/10/01 20:41:55.068, 0, GPU-c0cacca4-e74e-bd6a-815c-7b54ee668128, P2, 47, 0 %, 0 %, 8333 MiB, 227.96 W, 320.00 W, 2805 MHz, 10801 MHz
2026/10/01 20:41:56.068, 0, GPU-c0cacca4-e74e-bd6a-815c-7b54ee668128, P2, 42, 0 %, 0 %, 8333 MiB, 58.13 W, 320.00 W, 2820 MHz, 10801 MHz
2026/10/01 20:41:57.068, 0, GPU-c0cacca4-e74e-bd6a-815c-7b54ee668128, P0, 42, 0 %, 0 %, 4 MiB, 60.33 W, 320.00 W, 2820 MHz, 11201 MHz
2026/10/01 20:41:58.069, 0, GPU-c0cacca4-e74e-bd6a-815c-7b54ee668128, P0, 42, 0 %, 0 %, 19 MiB, 59.98 W, 320.00 W, 2820 MHz, 11201 MHz
2026/10/01 20:41:59.070, 0, GPU-c0cacca4-e74e-bd6a-815c-7b54ee668128, P2, 41, 0 %, 0 %, 381 MiB, 54.49 W, 320.00 W, 2505 MHz, 10801 MHz
2026/10/01 20:42:00.070, 0, GPU-c0cacca4-e74e-bd6a-815c-7b54ee668128, P2, 41, 0 %, 0 %, 381 MiB, 51.74 W, 320.00 W, 2505 MHz, 10801 MHz
2026/10/01 20:42:01.070, 0, GPU-c0cacca4-e74e-bd6a-815c-7b54ee668128, P2, 41, 0 %, 0 %, 381 MiB, 47.74 W, 320.00 W, 2505 MHz, 10801 MHz
2026/10/01 20:42:02.071, 0, GPU-c0cacca4-e74e-bd6a-815c-7b54ee668128, P2, 41, 0 %, 0 %, 381 MiB, 47.67 W, 320.00 W, 2505 MHz, 10801 MHz
2026/10/01 20:42:03.071, 0, GPU-c0cacca4-e74e-bd6a-815c-7b54ee668128, P2, 41, 0 %, 0 %, 381 MiB, 47.44 W, 320.00 W, 2505 MHz, 10801 MHz
2026/10/01 20:42:04.072, 0, GPU-c0cacca4-e74e-bd6a-815c-7b54ee668128, P2, 44, 88 %, 100 %, 511 MiB, 59.34 W, 320.00 W, 2820 MHz, 10801 MHz
2026/10/01 20:42:05.072, 0, GPU-c0cacca4-e74e-bd6a-815c-7b54ee668128, P2, 41, 0 %, 0 %, 511 MiB, 100.28 W, 320.00 W, 2820 MHz, 10801 MHz
2026/10/01 20:42:06.073, 0, GPU-c0cacca4-e74e-bd6a-815c-7b54ee668128, P2, 41, 0 %, 0 %, 511 MiB, 71.91 W, 320.00 W, 2820 MHz, 10801 MHz
2026/10/01 20:42:07.073, 0, GPU-c0cacca4-e74e-bd6a-815c-7b54ee668128, P2, 41, 0 %, 0 %, 511 MiB, 55.33 W, 320.00 W, 2505 MHz, 10801 MHz
2026/10/01 20:42:08.074, 0, GPU-c0cacca4-e74e-bd6a-815c-7b54ee668128, P2, 40, 0 %, 0 %, 511 MiB, 51.39 W, 320.00 W, 2505 MHz, 10801 MHz
2026/10/01 20:42:09.074, 0, GPU-c0cacca4-e74e-bd6a-815c-7b54ee668128, P2, 40, 0 %, 0 %, 511 MiB, 47.47 W, 320.00 W, 2505 MHz, 10801 MHz
2026/10/01 20:42:10.074, 0, GPU-c0cacca4-e74e-bd6a-815c-7b54ee668128, P2, 40, 0 %, 0 %, 511 MiB, 47.47 W, 320.00 W, 2505 MHz, 10801 MHz
2026/10/01 20:42:11.075, 0, GPU-c0cacca4-e74e-bd6a-815c-7b54ee668128, P2, 40, 0 %, 0 %, 511 MiB, 47.48 W, 320.00 W, 2505 MHz, 10801 MHz
2026/10/01 20:42:12.075, 0, GPU-c0cacca4-e74e-bd6a-815c-7b54ee668128, P2, 40, 0 %, 0 %, 511 MiB, 46.80 W, 320.00 W, 2505 MHz, 10801 MHz
2026/10/01 20:42:13.076, 0, GPU-c0cacca4-e74e-bd6a-815c-7b54ee668128, P2, 44, 86 %, 100 %, 515 MiB, 114.60 W, 320.00 W, 2820 MHz, 10801 MHz
2026/10/01 20:42:14.077, 0, GPU-c0cacca4-e74e-bd6a-815c-7b54ee668128, P2, 45, 94 %, 100 %, 581 MiB, 166.16 W, 320.00 W, 2820 MHz, 10801 MHz
2026/10/01 20:42:15.077, 0, GPU-c0cacca4-e74e-bd6a-815c-7b54ee668128, P2, 50, 97 %, 56 %, 813 MiB, 172.97 W, 320.00 W, 2820 MHz, 10801 MHz
2026/10/01 20:42:16.078, 0, GPU-c0cacca4-e74e-bd6a-815c-7b54ee668128, P2, 49, 94 %, 46 %, 813 MiB, 179.02 W, 320.00 W, 2820 MHz, 10801 MHz
2026/10/01 20:42:17.078, 0, GPU-c0cacca4-e74e-bd6a-815c-7b54ee668128, P2, 44, 0 %, 0 %, 813 MiB, 179.69 W, 320.00 W, 2820 MHz, 10801 MHz
2026/10/01 20:42:18.079, 0, GPU-c0cacca4-e74e-bd6a-815c-7b54ee668128, P2, 49, 97 %, 48 %, 813 MiB, 98.20 W, 320.00 W, 2820 MHz, 10801 MHz
2026/10/01 20:42:19.079, 0, GPU-c0cacca4-e74e-bd6a-815c-7b54ee668128, P2, 45, 0 %, 0 %, 813 MiB, 189.90 W, 320.00 W, 2820 MHz, 10801 MHz
2026/10/01 20:42:20.080, 0, GPU-c0cacca4-e74e-bd6a-815c-7b54ee668128, P2, 42, 0 %, 0 %, 813 MiB, 57.34 W, 320.00 W, 2820 MHz, 10801 MHz
2026/10/01 20:42:21.080, 0, GPU-c0cacca4-e74e-bd6a-815c-7b54ee668128, P0, 42, 0 %, 0 %, 4 MiB, 55.66 W, 320.00 W, 2505 MHz, 11201 MHz
2026/10/01 20:42:22.081, 0, GPU-c0cacca4-e74e-bd6a-815c-7b54ee668128, P0, 41, 0 %, 0 %, 4 MiB, 51.33 W, 320.00 W, 2505 MHz, 11201 MHz
2026/10/01 20:42:23.081, 0, GPU-c0cacca4-e74e-bd6a-815c-7b54ee668128, P2, 41, 0 %, 0 %, 383 MiB, 48.92 W, 320.00 W, 2505 MHz, 10801 MHz
2026/10/01 20:42:24.081, 0, GPU-c0cacca4-e74e-bd6a-815c-7b54ee668128, P2, 41, 0 %, 0 %, 383 MiB, 48.59 W, 320.00 W, 2505 MHz, 10801 MHz
2026/10/01 20:42:25.082, 0, GPU-c0cacca4-e74e-bd6a-815c-7b54ee668128, P2, 41, 0 %, 0 %, 383 MiB, 48.04 W, 320.00 W, 2505 MHz, 10801 MHz
2026/10/01 20:42:26.082, 0, GPU-c0cacca4-e74e-bd6a-815c-7b54ee668128, P2, 41, 0 %, 0 %, 383 MiB, 47.93 W, 320.00 W, 2505 MHz, 10801 MHz
2026/10/01 20:42:27.083, 0, GPU-c0cacca4-e74e-bd6a-815c-7b54ee668128, P2, 41, 0 %, 0 %, 383 MiB, 47.70 W, 320.00 W, 2505 MHz, 10801 MHz
2026/10/01 20:42:28.083, 0, GPU-c0cacca4-e74e-bd6a-815c-7b54ee668128, P2, 41, 0 %, 0 %, 383 MiB, 48.00 W, 320.00 W, 2505 MHz, 10801 MHz
2026/10/01 20:42:29.083, 0, GPU-c0cacca4-e74e-bd6a-815c-7b54ee668128, P2, 40, 0 %, 0 %, 383 MiB, 48.25 W, 320.00 W, 2505 MHz, 10801 MHz
2026/10/01 20:42:30.084, 0, GPU-c0cacca4-e74e-bd6a-815c-7b54ee668128, P2, 40, 0 %, 0 %, 383 MiB, 48.02 W, 320.00 W, 2505 MHz, 10801 MHz
2026/10/01 20:42:31.084, 0, GPU-c0cacca4-e74e-bd6a-815c-7b54ee668128, P2, 40, 0 %, 0 %, 383 MiB, 47.89 W, 320.00 W, 2505 MHz, 10801 MHz
2026/10/01 20:42:32.085, 0, GPU-c0cacca4-e74e-bd6a-815c-7b54ee668128, P2, 40, 0 %, 0 %, 383 MiB, 47.52 W, 320.00 W, 2505 MHz, 10801 MHz
2026/10/01 20:42:33.085, 0, GPU-c0cacca4-e74e-bd6a-815c-7b54ee668128, P2, 40, 0 %, 0 %, 383 MiB, 47.36 W, 320.00 W, 2505 MHz, 10801 MHz
2026/10/01 20:42:34.086, 0, GPU-c0cacca4-e74e-bd6a-815c-7b54ee668128, P2, 40, 0 %, 0 %, 383 MiB, 47.59 W, 320.00 W, 2505 MHz, 10801 MHz
2026/10/01 20:42:35.086, 0, GPU-c0cacca4-e74e-bd6a-815c-7b54ee668128, P2, 40, 0 %, 0 %, 383 MiB, 47.65 W, 320.00 W, 2505 MHz, 10801 MHz
2026/10/01 20:42:36.087, 0, GPU-c0cacca4-e74e-bd6a-815c-7b54ee668128, P2, 44, 97 %, 100 %, 695 MiB, 72.86 W, 320.00 W, 2820 MHz, 10801 MHz
2026/10/01 20:42:37.087, 0, GPU-c0cacca4-e74e-bd6a-815c-7b54ee668128, P2, 49, 60 %, 28 %, 863 MiB, 178.96 W, 320.00 W, 2820 MHz, 10801 MHz
2026/10/01 20:42:38.087, 0, GPU-c0cacca4-e74e-bd6a-815c-7b54ee668128, P2, 49, 92 %, 43 %, 863 MiB, 173.19 W, 320.00 W, 2820 MHz, 10801 MHz
2026/10/01 20:42:39.088, 0, GPU-c0cacca4-e74e-bd6a-815c-7b54ee668128, P2, 42, 48 %, 22 %, 863 MiB, 105.30 W, 320.00 W, 2820 MHz, 10801 MHz
2026/10/01 20:42:40.088, 0, GPU-c0cacca4-e74e-bd6a-815c-7b54ee668128, P2, 49, 90 %, 42 %, 863 MiB, 163.80 W, 320.00 W, 2820 MHz, 10801 MHz
2026/10/01 20:42:41.089, 0, GPU-c0cacca4-e74e-bd6a-815c-7b54ee668128, P2, 42, 0 %, 0 %, 863 MiB, 105.21 W, 320.00 W, 2820 MHz, 10801 MHz
2026/10/01 20:42:42.089, 0, GPU-c0cacca4-e74e-bd6a-815c-7b54ee668128, P2, 42, 0 %, 0 %, 4 MiB, 57.49 W, 320.00 W, 2820 MHz, 10801 MHz
2026/10/01 20:42:43.090, 0, GPU-c0cacca4-e74e-bd6a-815c-7b54ee668128, P0, 41, 0 %, 0 %, 4 MiB, 51.28 W, 320.00 W, 2505 MHz, 11201 MHz
2026/10/01 20:42:44.090, 0, GPU-c0cacca4-e74e-bd6a-815c-7b54ee668128, P2, 41, 0 %, 0 %, 381 MiB, 48.84 W, 320.00 W, 2505 MHz, 10801 MHz
2026/10/01 20:42:45.091, 0, GPU-c0cacca4-e74e-bd6a-815c-7b54ee668128, P2, 40, 0 %, 0 %, 381 MiB, 48.14 W, 320.00 W, 2505 MHz, 10801 MHz
2026/10/01 20:42:46.091, 0, GPU-c0cacca4-e74e-bd6a-815c-7b54ee668128, P2, 40, 0 %, 0 %, 381 MiB, 47.33 W, 320.00 W, 2505 MHz, 10801 MHz
2026/10/01 20:42:47.091, 0, GPU-c0cacca4-e74e-bd6a-815c-7b54ee668128, P2, 40, 0 %, 0 %, 381 MiB, 47.36 W, 320.00 W, 2505 MHz, 10801 MHz
2026/10/01 20:42:48.092, 0, GPU-c0cacca4-e74e-bd6a-815c-7b54ee668128, P2, 40, 0 %, 0 %, 381 MiB, 47.47 W, 320.00 W, 2505 MHz, 10801 MHz
2026/10/01 20:42:49.092, 0, GPU-c0cacca4-e74e-bd6a-815c-7b54ee668128, P2, 40, 0 %, 0 %, 381 MiB, 47.28 W, 320.00 W, 2505 MHz, 10801 MHz
2026/10/01 20:42:50.093, 0, GPU-c0cacca4-e74e-bd6a-815c-7b54ee668128, P2, 44, 89 %, 95 %, 977 MiB, 117.23 W, 320.00 W, 2820 MHz, 10801 MHz
2026/10/01 20:42:51.093, 0, GPU-c0cacca4-e74e-bd6a-815c-7b54ee668128, P2, 41, 0 %, 0 %, 977 MiB, 120.33 W, 320.00 W, 2820 MHz, 10801 MHz
2026/10/01 20:42:52.094, 0, GPU-c0cacca4-e74e-bd6a-815c-7b54ee668128, P2, 41, 0 %, 0 %, 977 MiB, 81.49 W, 320.00 W, 2820 MHz, 10801 MHz
2026/10/01 20:42:53.094, 0, GPU-c0cacca4-e74e-bd6a-815c-7b54ee668128, P2, 40, 0 %, 0 %, 977 MiB, 55.13 W, 320.00 W, 2505 MHz, 10801 MHz
2026/10/01 20:42:54.095, 0, GPU-c0cacca4-e74e-bd6a-815c-7b54ee668128, P2, 40, 0 %, 0 %, 977 MiB, 51.30 W, 320.00 W, 2505 MHz, 10801 MHz
2026/10/01 20:42:55.095, 0, GPU-c0cacca4-e74e-bd6a-815c-7b54ee668128, P2, 40, 0 %, 0 %, 977 MiB, 47.64 W, 320.00 W, 2505 MHz, 10801 MHz
2026/10/01 20:42:56.096, 0, GPU-c0cacca4-e74e-bd6a-815c-7b54ee668128, P2, 40, 0 %, 0 %, 977 MiB, 47.59 W, 320.00 W, 2505 MHz, 10801 MHz
2026/10/01 20:42:57.096, 0, GPU-c0cacca4-e74e-bd6a-815c-7b54ee668128, P2, 40, 0 %, 0 %, 977 MiB, 47.19 W, 320.00 W, 2505 MHz, 10801 MHz
2026/10/01 20:42:58.096, 0, GPU-c0cacca4-e74e-bd6a-815c-7b54ee668128, P2, 40, 0 %, 0 %, 977 MiB, 47.08 W, 320.00 W, 2505 MHz, 10801 MHz
2026/10/01 20:42:59.097, 0, GPU-c0cacca4-e74e-bd6a-815c-7b54ee668128, P2, 43, 70 %, 20 %, 1237 MiB, 91.81 W, 320.00 W, 2820 MHz, 10801 MHz
2026/10/01 20:43:00.098, 0, GPU-c0cacca4-e74e-bd6a-815c-7b54ee668128, P2, 44, 98 %, 55 %, 1975 MiB, 158.63 W, 320.00 W, 2820 MHz, 10801 MHz
2026/10/01 20:43:01.099, 0, GPU-c0cacca4-e74e-bd6a-815c-7b54ee668128, P2, 45, 74 %, 87 %, 2999 MiB, 165.57 W, 320.00 W, 2820 MHz, 10801 MHz
2026/10/01 20:43:02.100, 0, GPU-c0cacca4-e74e-bd6a-815c-7b54ee668128, P2, 42, 100 %, 24 %, 4029 MiB, 110.66 W, 320.00 W, 2820 MHz, 10801 MHz
2026/10/01 20:43:03.100, 0, GPU-c0cacca4-e74e-bd6a-815c-7b54ee668128, P2, 52, 100 %, 96 %, 7617 MiB, 171.13 W, 320.00 W, 2820 MHz, 10801 MHz
2026/10/01 20:43:04.101, 0, GPU-c0cacca4-e74e-bd6a-815c-7b54ee668128, P2, 52, 99 %, 94 %, 7617 MiB, 224.22 W, 320.00 W, 2805 MHz, 10801 MHz
2026/10/01 20:43:05.101, 0, GPU-c0cacca4-e74e-bd6a-815c-7b54ee668128, P2, 42, 0 %, 0 %, 7617 MiB, 108.43 W, 320.00 W, 2820 MHz, 10801 MHz
2026/10/01 20:43:06.102, 0, GPU-c0cacca4-e74e-bd6a-815c-7b54ee668128, P2, 44, 0 %, 0 %, 7617 MiB, 215.72 W, 320.00 W, 2805 MHz, 10801 MHz
2026/10/01 20:43:07.102, 0, GPU-c0cacca4-e74e-bd6a-815c-7b54ee668128, P2, 42, 0 %, 0 %, 7617 MiB, 59.14 W, 320.00 W, 2820 MHz, 10801 MHz
2026/10/01 20:43:08.103, 0, GPU-c0cacca4-e74e-bd6a-815c-7b54ee668128, P0, 42, 83 %, 9 %, 4 MiB, 56.68 W, 320.00 W, 2505 MHz, 10801 MHz
2026/10/01 20:43:09.103, 0, GPU-c0cacca4-e74e-bd6a-815c-7b54ee668128, P0, 42, 0 %, 0 %, 4 MiB, 58.42 W, 320.00 W, 2820 MHz, 11201 MHz
2026/10/01 20:43:10.104, 0, GPU-c0cacca4-e74e-bd6a-815c-7b54ee668128, P2, 41, 4 %, 0 %, 383 MiB, 58.17 W, 320.00 W, 2505 MHz, 10801 MHz
2026/10/01 20:43:11.104, 0, GPU-c0cacca4-e74e-bd6a-815c-7b54ee668128, P2, 41, 0 %, 0 %, 383 MiB, 49.38 W, 320.00 W, 2505 MHz, 10801 MHz
2026/10/01 20:43:12.104, 0, GPU-c0cacca4-e74e-bd6a-815c-7b54ee668128, P2, 41, 0 %, 0 %, 383 MiB, 47.69 W, 320.00 W, 2505 MHz, 10801 MHz
2026/10/01 20:43:13.105, 0, GPU-c0cacca4-e74e-bd6a-815c-7b54ee668128, P2, 41, 0 %, 0 %, 383 MiB, 47.56 W, 320.00 W, 2505 MHz, 10801 MHz
2026/10/01 20:43:14.105, 0, GPU-c0cacca4-e74e-bd6a-815c-7b54ee668128, P2, 40, 0 %, 0 %, 383 MiB, 47.47 W, 320.00 W, 2505 MHz, 10801 MHz
2026/10/01 20:43:15.106, 0, GPU-c0cacca4-e74e-bd6a-815c-7b54ee668128, P2, 40, 0 %, 0 %, 383 MiB, 47.56 W, 320.00 W, 2505 MHz, 10801 MHz
2026/10/01 20:43:16.106, 0, GPU-c0cacca4-e74e-bd6a-815c-7b54ee668128, P2, 40, 0 %, 0 %, 383 MiB, 47.65 W, 320.00 W, 2505 MHz, 10801 MHz
2026/10/01 20:43:17.106, 0, GPU-c0cacca4-e74e-bd6a-815c-7b54ee668128, P2, 40, 0 %, 0 %, 383 MiB, 47.39 W, 320.00 W, 2505 MHz, 10801 MHz
2026/10/01 20:43:18.107, 0, GPU-c0cacca4-e74e-bd6a-815c-7b54ee668128, P2, 40, 0 %, 0 %, 383 MiB, 47.38 W, 320.00 W, 2505 MHz, 10801 MHz
2026/10/01 20:43:19.107, 0, GPU-c0cacca4-e74e-bd6a-815c-7b54ee668128, P2, 40, 0 %, 0 %, 383 MiB, 47.66 W, 320.00 W, 2505 MHz, 10801 MHz
2026/10/01 20:43:20.108, 0, GPU-c0cacca4-e74e-bd6a-815c-7b54ee668128, P2, 40, 0 %, 0 %, 383 MiB, 47.63 W, 320.00 W, 2505 MHz, 10801 MHz
2026/10/01 20:43:21.108, 0, GPU-c0cacca4-e74e-bd6a-815c-7b54ee668128, P2, 40, 0 %, 0 %, 383 MiB, 47.21 W, 320.00 W, 2505 MHz, 10801 MHz
2026/10/01 20:43:22.109, 0, GPU-c0cacca4-e74e-bd6a-815c-7b54ee668128, P2, 40, 0 %, 0 %, 383 MiB, 47.11 W, 320.00 W, 2505 MHz, 10801 MHz
2026/10/01 20:43:23.109, 0, GPU-c0cacca4-e74e-bd6a-815c-7b54ee668128, P2, 40, 0 %, 0 %, 383 MiB, 47.08 W, 320.00 W, 2505 MHz, 10801 MHz
2026/10/01 20:43:24.109, 0, GPU-c0cacca4-e74e-bd6a-815c-7b54ee668128, P2, 41, 0 %, 0 %, 1921 MiB, 47.27 W, 320.00 W, 2505 MHz, 10801 MHz
2026/10/01 20:43:25.110, 0, GPU-c0cacca4-e74e-bd6a-815c-7b54ee668128, P2, 41, 100 %, 13 %, 3459 MiB, 108.95 W, 320.00 W, 2820 MHz, 10801 MHz
2026/10/01 20:43:26.110, 0, GPU-c0cacca4-e74e-bd6a-815c-7b54ee668128, P2, 51, 74 %, 74 %, 7819 MiB, 128.04 W, 320.00 W, 2805 MHz, 10801 MHz
2026/10/01 20:43:27.111, 0, GPU-c0cacca4-e74e-bd6a-815c-7b54ee668128, P2, 53, 98 %, 98 %, 7819 MiB, 228.56 W, 320.00 W, 2805 MHz, 10801 MHz
2026/10/01 20:43:28.112, 0, GPU-c0cacca4-e74e-bd6a-815c-7b54ee668128, P2, 42, 5 %, 1 %, 7819 MiB, 132.52 W, 320.00 W, 2820 MHz, 10801 MHz
2026/10/01 20:43:29.113, 0, GPU-c0cacca4-e74e-bd6a-815c-7b54ee668128, P2, 53, 97 %, 96 %, 7819 MiB, 200.38 W, 320.00 W, 2805 MHz, 10801 MHz
2026/10/01 20:43:30.113, 0, GPU-c0cacca4-e74e-bd6a-815c-7b54ee668128, P2, 42, 0 %, 0 %, 7819 MiB, 92.26 W, 320.00 W, 2820 MHz, 10801 MHz
