method,add_TP,add_FP,delete_TP,delete_FP,add_purity,delete_false_purity,complete_score,add_only_gain,delete_only_gain,complete_gain
field:foris>0.3,5902381,11644605,196140,6106057,0.3363757741642924,0.9688775200140523,48.0874301633116,1.7586174124832468,4.7347563686538905,5.1835424107372745
field:foris>0.4,4944881,5975973,569681,8993635,0.4527925197058765,0.9404305995953705,54.892657563623835,4.921969482783645,7.845875200893133,11.988769811049508
field:foris>0.6,3143043,1833999,2603171,13481978,0.6315082332035775,0.8381630782531141,58.79814912122987,5.073120386307558,9.710846900960014,15.894261368655542
field:foris>0.7,2028394,1014537,4787608,14998744,0.666592177081899,0.7580348312816835,55.42470369582724,3.587818460155539,7.565158827911738,12.520815943252913
field:rcg>0.3,6649923,16963280,138364,7318043,0.28161884687985783,0.9814436095025392,45.00350173064061,-1.9703278396894106,7.2148229141754925,2.09961397806628
field:rcg>0.4,5179562,5553061,627091,10377647,0.48259982671524004,0.9430162717185997,57.053685322639915,4.7881614607395235,9.994793605228615,14.149797570065587
field:rcg>0.6,3218364,1652689,2511773,14147862,0.6607121704485662,0.8492300101412786,60.44372821273698,5.43295174474207,10.62288155608772,17.53984046016265
field:rcg>0.7,1920319,856307,5267950,15452201,0.6916016056897832,0.7457571617118042,53.74275876597442,3.597561014483553,5.702412830602086,10.838871013400095
mean:mean_graph,4233062,2960100,1561156,12427616,0.5884841742755134,0.8883993534243034,60.68007505614907,6.307151693532546,10.685092169586511,17.776187303574744
mean:mean_graph.control,4202672,3102200,1487253,12322474,0.5753245231401728,0.8923039535828623,60.497455482461646,6.167526154562651,10.709806830219065,17.59356772988732
mean:mean_graph.unary.control,4133424,3201484,1550028,11966411,0.5635277225017683,0.8853227540182736,59.02738390277607,5.815548971683967,9.927009535132555,16.123496150201746
multilayer:multilayer,3797437,2573947,1531987,11712487,0.5960144609083364,0.8843300987264575,59.19275131343954,5.514382962354162,10.186364562198285,16.28886356086521
multilayer:multilayer.control,3328511,3028265,1931625,11145224,0.5236162167740377,0.8522866632473924,55.448749056903665,4.527497042451266,7.819431268105376,12.544861304329338
multilayer:multilayer.delta.control,3981524,2530842,1656147,12020689,0.6113790287585188,0.8789086159986126,60.198027104821875,5.856028690837881,10.389382365764213,17.294139352247548
native,4137295,3355996,1576922,11744438,0.5521332349164072,0.8816245488448626,59.07482507561252,5.878080556075986,9.861492831923009,16.170937323038196
proposal:latent_native,4189584,3761029,1699423,11036707,0.5269510665404039,0.8665667671419811,54.53514168991492,4.937057332161956,5.854767413839554,11.631253937340595
proposal:latent_native.control,5667819,11554711,1016121,8308276,0.3290932865264279,0.8910255537167712,49.10885754268372,1.6973759387505254,6.300451305846352,6.204969790109395
proposal:latent_native.two_slot_em.control,5352715,12648278,1120247,9688508,0.2973566513802877,0.8963574435723634,47.37767057829221,-0.08059388949661894,5.81831244280685,4.473782825717883
proposal:structure_conditioned.kernel.control,6028085,9801537,285412,6807074,0.38081041985715136,0.9597585388254556,48.659513582169104,2.3015090245651066,4.158677548563475,5.755625829594777
recheck:MEAN_CONTROL,4233063,2960082,1561159,12427615,0.5884857040974427,0.8883991549223684,60.68011681478204,6.3071785406449195,10.685106035501498,17.77622906220771
recheck:RCG,4255369,2874408,1413136,12386602,0.5968446137936713,0.8975968964048447,61.019669384764384,6.294788427438178,10.97710880445893,18.115781632190057
recheck:RCG_count_matched_delete,4101288,2303195,1497520,12647350,0.6403776854431498,0.8941298152616461,61.841781629271374,6.478257281189656,11.126620470478862,18.937893876697046
recheck:conservative_delete,3861764,1818681,2285538,13581872,0.6798347664663595,0.8559602354763632,62.61583326470067,6.295006571675422,11.395350024589995,19.71194551212634
recheck:external_mean__delete,3966956,2063678,1675700,13175345,0.657800821605158,0.8871661893152973,62.65434309357383,6.473672297690776,11.63417454030585,19.7504553409995
recheck:external_mean_delete_sameK_RCG,3932282,2040625,1665734,13127584,0.6583531268777498,0.887399567831909,61.79185677105714,6.346716532801565,11.15994926915608,18.887969018482814
stage:foris.pre,4124377,3489447,1445729,11529841,0.5416958679370576,0.8885806943355861,58.605260486096164,5.6901777501497435,9.777283372719317,15.701372733521836
stage:foris.s2,4983309,10646776,1425115,11110518,0.3188280166102744,0.8863148753636932,51.93565389881658,1.7937635219053973,8.798574192111523,9.031766146242255
stage:foris.s3,4694125,4527590,884417,9954564,0.509029502646742,0.9184040455463479,56.35504761373345,5.439889895674504,8.278793118251379,13.45115986115912
stage:foris.s3_vote,3894491,5074523,859060,8304233,0.4342161802847002,0.9062498601758123,52.20144470800354,3.7058782502248704,6.172531288473941,9.297556955429215
stage:foris.s4_penalty,4052560,3494617,1204766,11054259,0.5369636885420866,0.9017241583241734,57.348202290805276,5.273951465287787,9.06651269539637,14.444314538230948
stage:insid3.candidates,2381049,6416258,902412,4955579,0.27065657706386737,0.845951965443443,44.292679432766,-0.24765311208378904,2.2754348799594553,1.388791680191673
stage:insid3.final,3528540,2706411,2849100,12385849,0.5659290666438277,0.8129892000294848,54.469549626884664,4.250091525320961,7.082285564975237,11.565661874310337
stage:insid3.seed,2199371,1943056,10087758,15518506,0.5309377811606577,0.6060433493929455,42.51258609721912,2.6394886472246384,-3.3482836497196544,-0.3913016553552069
stage:insid3.vote,2381049,6416258,902412,4955579,0.27065657706386737,0.845951965443443,44.292679432766,-0.24765311208378904,2.2754348799594553,1.388791680191673
stage:model.raw_mean,3827664,12964867,780389,4183912,0.22793848050660143,0.8427998221703318,39.555779778478566,-4.038109965387008,1.7336560147848274,-3.348107974095761
stage:model.raw_nn,0,0,0,0,0.0,0.0,42.90388775257433,0.0,0.0,0.0
