key,c,fold,batch,add_TP,delete_FP,delete_TP,add_FP,arm,resolution,intersection,union,IoU,truth_pixels,predicted_pixels
0_0_72,72,0,public0,0,5170,0,15636,agreement,work,0,267058,0.0,73956,193102
0_0_72,72,0,public0,0,5369,0,14689,forward.control,work,0,265912,0.0,73956,191956
0_0_72,72,0,public0,0,5028,0,15874,reverse.control,work,0,267438,0.0,73956,193482
0_0_72,72,0,public0,0,5289,0,15294,symmetric_logits.control,work,0,266597,0.0,73956,192641
0_0_72,72,0,public0,0,5200,0,15423,symmetric_margin.control,work,0,266815,0.0,73956,192859
0_0_72,72,0,public0,0,4318,0,15422,direct_H20.control,work,0,267696,0.0,73956,193740
0_0_72,72,0,public0,0,5691,0,15507,direct_final.control,work,0,266408,0.0,73956,192452
0_0_72,72,0,public0,0,5034,0,15732,mean.control,work,0,267290,0.0,73956,193334
0_0_72,72,0,public0,0,0,0,0,native,work,0,256592,0.0,73956,182636
0_0_72,72,0,public0,0,5034,0,15732,stored_mean.control,work,0,267290,0.0,73956,193334
0_0_72,72,0,public0,0,6397,0,14865,rcg.control,work,0,265060,0.0,73956,191104
0_0_72,72,0,public0,0,5775,0,15293,fine16.control,work,0,266110,0.0,73956,192154
0_0_72,72,0,public0,0,7272,0,12468,fine64.control,work,0,261788,0.0,73956,187832
0_0_72,72,0,public0,0,2032,0,6087,agreement,original,0,104317,0.0,28966,75351
0_0_72,72,0,public0,0,2104,0,5730,forward.control,original,0,103888,0.0,28966,74922
0_0_72,72,0,public0,0,1964,0,6201,reverse.control,original,0,104499,0.0,28966,75533
0_0_72,72,0,public0,0,2068,0,5946,symmetric_logits.control,original,0,104140,0.0,28966,75174
0_0_72,72,0,public0,0,2032,0,6001,symmetric_margin.control,original,0,104231,0.0,28966,75265
0_0_72,72,0,public0,0,1692,0,6039,direct_H20.control,original,0,104609,0.0,28966,75643
0_0_72,72,0,public0,0,2229,0,6064,direct_final.control,original,0,104097,0.0,28966,75131
0_0_72,72,0,public0,0,1960,0,6172,mean.control,original,0,104474,0.0,28966,75508
0_0_72,72,0,public0,0,0,0,0,native,original,0,100262,0.0,28966,71296
0_0_72,72,0,public0,0,1960,0,6172,stored_mean.control,original,0,104474,0.0,28966,75508
0_0_72,72,0,public0,0,2504,0,5839,rcg.control,original,0,103597,0.0,28966,74631
0_0_72,72,0,public0,0,2261,0,5991,fine16.control,original,0,103992,0.0,28966,75026
0_0_72,72,0,public0,0,2842,0,4894,fine64.control,original,0,102314,0.0,28966,73348
1_0_73,73,1,public0,183,903,146,20325,agreement,work,32995,116274,28.376937234463423,33268,116001
1_0_73,73,1,public0,183,923,151,20339,forward.control,work,32990,116268,28.374101214435616,33268,115990
1_0_73,73,1,public0,192,771,129,21447,reverse.control,work,33021,117528,28.096283438840107,33268,117281
1_0_73,73,1,public0,188,810,135,21036,symmetric_logits.control,work,33011,117078,28.19573275935701,33268,116821
1_0_73,73,1,public0,188,815,136,20994,symmetric_margin.control,work,33010,117031,28.20620177559792,33268,116773
1_0_73,73,1,public0,192,731,123,21225,direct_H20.control,work,33027,117346,28.144972985870844,33268,117105
1_0_73,73,1,public0,197,720,113,22143,direct_final.control,work,33042,118275,27.936588459099557,33268,118049
1_0_73,73,1,public0,126,1361,231,11835,mean.control,work,32853,107326,30.610476492182695,33268,106911
1_0_73,73,1,public0,0,0,0,0,native,work,32958,96852,34.02924049064552,33268,96542
1_0_73,73,1,public0,126,1361,231,11835,stored_mean.control,work,32853,107326,30.610476492182695,33268,106911
1_0_73,73,1,public0,150,1207,199,12769,rcg.control,work,32909,108414,30.354935709410224,33268,108055
1_0_73,73,1,public0,142,673,100,13800,fine16.control,work,33000,109979,30.00572836632448,33268,109711
1_0_73,73,1,public0,203,572,73,19340,fine64.control,work,33088,115620,28.617886178861788,33268,115440
1_0_73,73,1,public0,36,163,26,3632,agreement,original,5911,20795,28.425102188025967,5955,20751
1_0_73,73,1,public0,36,167,26,3634,forward.control,original,5911,20793,28.427836291059492,5955,20749
1_0_73,73,1,public0,39,139,23,3823,reverse.control,original,5917,21010,28.162779628748215,5955,20972
1_0_73,73,1,public0,37,146,24,3766,symmetric_logits.control,original,5914,20946,28.2345077819154,5955,20905
1_0_73,73,1,public0,37,148,24,3758,symmetric_margin.control,original,5914,20936,28.247993886129155,5955,20895
1_0_73,73,1,public0,39,131,22,3781,direct_H20.control,original,5918,20976,28.213196033562166,5955,20939
1_0_73,73,1,public0,40,131,19,3948,direct_final.control,original,5922,21143,28.009270207633733,5955,21110
1_0_73,73,1,public0,27,245,35,2086,mean.control,original,5893,19167,30.745552251265195,5955,19105
1_0_73,73,1,public0,0,0,0,0,native,original,5901,17326,34.0586401939282,5955,17272
1_0_73,73,1,public0,27,245,35,2086,stored_mean.control,original,5893,19167,30.745552251265195,5955,19105
1_0_73,73,1,public0,32,222,31,2291,rcg.control,original,5902,19395,30.43052333075535,5955,19342
1_0_73,73,1,public0,31,118,16,2461,fine16.control,original,5916,19669,30.077787381158167,5955,19630
1_0_73,73,1,public0,40,102,12,3457,fine64.control,original,5929,20681,28.66882645906871,5955,20655
2_0_74,74,2,public0,0,1641,0,1555,agreement,work,38251,63313,60.41571241293257,38251,63313
2_0_74,74,2,public0,0,947,0,3074,forward.control,work,38251,65526,58.37530140707506,38251,65526
2_0_74,74,2,public0,0,1806,0,1480,reverse.control,work,38251,63073,60.6456011288507,38251,63073
2_0_74,74,2,public0,0,1277,0,2462,symmetric_logits.control,work,38251,64584,59.2267434658739,38251,64584
2_0_74,74,2,public0,0,1294,0,2448,symmetric_margin.control,work,38251,64553,59.25518566139451,38251,64553
2_0_74,74,2,public0,0,3615,0,272,direct_H20.control,work,38251,60056,63.692220594112165,38251,60056
2_0_74,74,2,public0,0,1078,0,3429,direct_final.control,work,38251,65750,58.17642585551331,38251,65750
2_0_74,74,2,public0,0,2234,0,757,mean.control,work,38251,61922,61.772875553115206,38251,61922
2_0_74,74,2,public0,0,0,0,0,native,work,38251,63399,60.33375920755848,38251,63399
2_0_74,74,2,public0,0,2234,0,757,stored_mean.control,work,38251,61922,61.772875553115206,38251,61922
2_0_74,74,2,public0,0,3235,0,416,rcg.control,work,38251,60580,63.14130075932651,38251,60580
2_0_74,74,2,public0,0,1668,0,699,fine16.control,work,38251,62430,61.27022264936729,38251,62430
2_0_74,74,2,public0,0,2294,0,451,fine64.control,work,38251,61556,62.14016505295991,38251,61556
2_0_74,74,2,public0,0,453,0,488,agreement,original,11207,18575,60.33378196500673,11207,18575
2_0_74,74,2,public0,0,266,0,921,forward.control,original,11207,19195,58.384996092732486,11207,19195
2_0_74,74,2,public0,0,503,0,465,reverse.control,original,11207,18502,60.5718300724246,11207,18502
2_0_74,74,2,public0,0,356,0,739,symmetric_logits.control,original,11207,18923,59.22422448871743,11207,18923
2_0_74,74,2,public0,0,360,0,738,symmetric_margin.control,original,11207,18918,59.23987736547204,11207,18918
2_0_74,74,2,public0,0,1026,0,94,direct_H20.control,original,11207,17608,63.64720581553839,11207,17608
2_0_74,74,2,public0,0,289,0,1028,direct_final.control,original,11207,19279,58.13060843404741,11207,19279
2_0_74,74,2,public0,0,621,0,239,mean.control,original,11207,18158,61.71935235158057,11207,18158
2_0_74,74,2,public0,0,0,0,0,native,original,11207,18540,60.44768069039914,11207,18540
2_0_74,74,2,public0,0,621,0,239,stored_mean.control,original,11207,18158,61.71935235158057,11207,18158
2_0_74,74,2,public0,0,918,0,137,rcg.control,original,11207,17759,63.106030744974376,11207,17759
2_0_74,74,2,public0,0,467,0,219,fine16.control,original,11207,18292,61.267220642904,11207,18292
2_0_74,74,2,public0,0,658,0,144,fine64.control,original,11207,18026,62.17130811050705,11207,18026
3_0_75,75,3,public0,6437,6335,1220,56961,agreement,work,216885,466451,46.49684532780506,234656,448680
3_0_75,75,3,public0,6874,5806,1221,60356,forward.control,work,217321,470375,46.20164762157853,234656,453040
3_0_75,75,3,public0,10906,4852,928,70501,reverse.control,work,221646,481474,46.03488454205211,234656,468464
3_0_75,75,3,public0,9158,5584,1069,66220,symmetric_logits.control,work,219757,476461,46.1227676556948,234656,461562
3_0_75,75,3,public0,9087,5520,1048,66136,symmetric_margin.control,work,219707,476441,46.11420931447965,234656,461492
3_0_75,75,3,public0,10107,8229,1374,65697,direct_H20.control,work,220401,473293,46.567559630081156,234656,459038
3_0_75,75,3,public0,15409,3485,1147,101885,direct_final.control,work,225930,514225,43.93602022460985,234656,505499
3_0_75,75,3,public0,1660,12100,2944,14077,mean.control,work,210384,417802,50.35495282454368,234656,393530
3_0_75,75,3,public0,0,0,0,0,native,work,211668,415825,50.903144351590214,234656,392837
3_0_75,75,3,public0,1660,12100,2944,14077,stored_mean.control,work,210384,417802,50.35495282454368,234656,393530
3_0_75,75,3,public0,4452,10723,3194,34845,rcg.control,work,212926,439947,48.398102498710074,234656,418217
3_0_75,75,3,public0,3673,8546,1526,34756,fine16.control,work,213815,442035,48.370604137681404,234656,421194
3_0_75,75,3,public0,1680,24146,2144,7773,fine64.control,work,211204,399452,52.87343660815317,234656,376000
3_0_75,75,3,public0,1154,1111,236,10203,agreement,original,38758,83380,46.4835692012473,41933,80205
3_0_75,75,3,public0,1229,1020,237,10820,forward.control,original,38832,84088,46.18019217962135,41933,80987
3_0_75,75,3,public0,1943,848,178,12615,reverse.control,original,39605,86055,46.02289233629656,41933,83727
3_0_75,75,3,public0,1625,985,203,11912,symmetric_logits.control,original,39262,85215,46.07404799624479,41933,82544
3_0_75,75,3,public0,1616,970,198,11892,symmetric_margin.control,original,39258,85210,46.07205727027344,41933,82535
3_0_75,75,3,public0,1794,1476,259,11777,direct_H20.control,original,39375,84589,46.5486056106586,41933,82031
3_0_75,75,3,public0,2760,611,207,18248,direct_final.control,original,40393,91925,43.94125645906989,41933,90385
3_0_75,75,3,public0,291,2136,547,2544,mean.control,original,37584,74696,50.31594730641534,41933,70347
3_0_75,75,3,public0,0,0,0,0,native,original,37840,74288,50.93689424940771,41933,70195
3_0_75,75,3,public0,291,2136,547,2544,stored_mean.control,original,37584,74696,50.31594730641534,41933,70347
3_0_75,75,3,public0,802,1886,574,6246,rcg.control,original,38068,78648,48.40301088393856,41933,74783
3_0_75,75,3,public0,666,1527,279,6214,fine16.control,original,38227,78975,48.40392529281418,41933,75269
3_0_75,75,3,public0,311,4313,393,1419,fine64.control,original,37758,71394,52.88679720984957,41933,67219
