idea_id,role,cohort,n_total,n_evaluable,n_classes,metric,candidate,control,candidate_value,control_value,delta,ci95_low,ci95_high,fold0_delta,fold1_delta,fold2_delta,fold3_delta,episodes_up,episodes_down,episodes_tie,status,variant_or_scope_note,failedlink,method_scripts,details_json,bootstrap_rng,historical_status,criterion_version,ci_role,goal_baseline,goal_gain_pp,current_interpretation
query_seed_readout,method_candidate,pooled60_common_patch,60,60,46,class_macro_IoU_pp,seed_mean,native_score,56.378637,58.676090,-2.297453,-7.211830,1.380699,-3.255200,-11.068952,2.594784,2.216284,25,35,0,historical_result_requires_effect_size_and_stability_reading,Mean and NN unresolved on60 patch-grid cases; no new60 seed run.,strong_method_controls_20261005/photo_group_statistics_pooled120.json#families.pooled60_common_patch,cpu_method/seed_readout_cpu.py,strong_method_controls_20261005/photo_group_statistics_pooled120.json,,observed_unresolved,2026-10-05T06:46Z_stable_ge2_native,uncertainty_only_not_gate,FoRIS_native_1024,2,Keep recorded effect/control. PositiveCI vsweakercontrol is notgoal attainment;CIcross0 alone is notfailure. Refer exactcohort/native-stage comparison.
query_endpoint_coverage,method_candidate,pooled120_common_work,120,120,67,class_macro_IoU_pp,mixture,native_pre,60.771712,61.155710,-0.383999,-0.735622,0.838025,-1.052465,-0.405773,0.015266,-0.006730,57,55,8,historical_result_requires_effect_size_and_stability_reading,"Semantic-preserving variant120: +0.050695[-0.084151,0.681511]; unresolved.",strong_method_controls_20261005/photo_group_statistics_pooled120.json#families.pooled120_common_work,cpu_method/own_trimap_mixture_cpu.py;cpu_method/new_cohort_fixed_cpu.py,strong_method_controls_20261005/photo_group_statistics_pooled120.json,,observed_unresolved,2026-10-05T06:46Z_stable_ge2_native,uncertainty_only_not_gate,FoRIS_native_1024,2,Keep recorded effect/control. PositiveCI vsweakercontrol is notgoal attainment;CIcross0 alone is notfailure. Refer exactcohort/native-stage comparison.
classical_fisher_coverage,classical_control,pooled100_full_work,100,100,58,class_macro_IoU_pp,fisher_coverage,native_pre,59.452741,59.901071,-0.448330,-0.995326,0.979382,-0.623257,-0.494943,-0.172801,-0.454318,48,44,8,historical_result_requires_effect_size_and_stability_reading,"Fisher-I100: -0.340675[-1.112946,1.288068]; no covariance advantage established.",strong_method_controls_20261005/photo_group_statistics_pooled120.json#families.pooled100_full_work,cpu_method/new_cohort_fixed_cpu.py,strong_method_controls_20261005/photo_group_statistics_pooled120.json,,observed_unresolved,2026-10-05T06:46Z_stable_ge2_native,uncertainty_only_not_gate,FoRIS_native_1024,2,Keep recorded effect/control. PositiveCI vsweakercontrol is notgoal attainment;CIcross0 alone is notfailure. Refer exactcohort/native-stage comparison.
classical_repri,classical_control,pooled100_RePRI,100,100,58,class_macro_IoU_pp,repri,native_pre,47.669563,59.901071,-12.231508,-17.316845,-6.907558,-10.479843,-7.149033,-14.975097,-17.131303,29,71,0,historical_result_requires_effect_size_and_stability_reading,"Host-area initialization variant60 still -13.709818[-20.126706,-7.951731] vs host.",strong_method_controls_20261005/photo_group_statistics_pooled120.json#families.pooled100_RePRI,cpu_method/repri_added_control_cpu.py;run_readout_shared_pass.py,strong_method_controls_20261005/photo_group_statistics_pooled120.json,,negative,2026-10-05T06:46Z_stable_ge2_native,uncertainty_only_not_gate,FoRIS_native_1024,2,Keep recorded effect/control. PositiveCI vsweakercontrol is notgoal attainment;CIcross0 alone is notfailure. Refer exactcohort/native-stage comparison.
subcell_area_geometry,method_candidate,old20_PLIC_same_own_alpha,20,20,20,class_macro_IoU_pp,PLIC,bilinear,65.571469,66.260074,-0.688605,-0.970795,-0.390399,-0.610417,-1.255725,-0.528349,-0.359929,4,16,0,historical_result_requires_effect_size_and_stability_reading,Same alpha and same trimap; normal variants also worse. Oracle is diagnostic only.,strong_method_controls_20261005/independent_real20_mixture_review.md,subcell_real20_ownalpha.py;subcell_coverage_probe.py,strong_method_controls_20261005/photo_group_statistics_pooled120.json,,negative,2026-10-05T06:46Z_stable_ge2_native,uncertainty_only_not_gate,FoRIS_native_1024,2,Keep recorded effect/control. PositiveCI vsweakercontrol is notgoal attainment;CIcross0 alone is notfailure. Refer exactcohort/native-stage comparison.
joint_boundary_rho,method_candidate,old20_joint9_repaired_independent_review,20,20,20,class_macro_IoU_pp,joint,baseline,65.364491,66.260074,-0.895583,-1.229974,-0.534392,-0.829629,-1.040059,-0.900487,-0.812154,3,17,0,historical_result_requires_effect_size_and_stability_reading,"Matched-domain repaired joint-rho1: -0.317769[-0.502916,-0.119130].",strong_method_controls_20261005/joint9_repaired_independent_review.md,joint_boundary_feature_inversion_repaired.py,strong_method_controls_20261005/photo_group_statistics_pooled120.json,,negative,2026-10-05T06:46Z_stable_ge2_native,uncertainty_only_not_gate,FoRIS_native_1024,2,Keep recorded effect/control. PositiveCI vsweakercontrol is notgoal attainment;CIcross0 alone is notfailure. Refer exactcohort/native-stage comparison.
query_local_profile,method_candidate,old20_query_profile_v2,20,20,20,class_macro_IoU_pp,multi_profile,own_mixture,66.260967,66.260074,0.000893,-0.012287,0.014643,-0.000308,-0.023314,0.024768,0.002427,6,4,10,historical_result_requires_effect_size_and_stability_reading,Single/multi profile same point. Confidence and appearance are same-information controls.,strong_method_controls_20261005/photo_group_statistics_pooled120.json#families.old20_query_profile_v2,trimap_profile_v2.py,strong_method_controls_20261005/photo_group_statistics_pooled120.json,,observed_unresolved,2026-10-05T06:46Z_stable_ge2_native,uncertainty_only_not_gate,FoRIS_native_1024,2,Keep recorded effect/control. PositiveCI vsweakercontrol is notgoal attainment;CIcross0 alone is notfailure. Refer exactcohort/native-stage comparison.
support_local_structure,mechanism_candidate,pooled60_local_structure,60,60,46,class_macro_IoU_pp,d4,native_pre,40.059744,60.173709,-20.113965,-25.487707,-15.062396,-30.565322,-33.577354,-10.524479,-6.111532,9,51,0,historical_result_requires_effect_size_and_stability_reading,"D4-Hungarian mask +0.303985, but loses pool/center/host. Actual-pre AUC .60709 vs host .70662.",cpu_method/local_structure_old60/report.json,cpu_method/run_local_structure_signal.py;cpu_method/local_structure_matching.py,strong_method_controls_20261005/photo_group_statistics_pooled120.json;cpu_method/local_structure_old60/common_region_auc.json,,negative,2026-10-05T06:46Z_stable_ge2_native,uncertainty_only_not_gate,FoRIS_native_1024,2,Keep recorded effect/control. PositiveCI vsweakercontrol is notgoal attainment;CIcross0 alone is notfailure. Refer exactcohort/native-stage comparison.
source_signed_edges,mechanism_signal_probe,old20,20,20,20,edge_conditional_AUC,J,endpoint_shuffle,0.683033,0.681929,0.001103,-0.010866,0.011792,0.007089,-0.004855,-0.002231,0.004410,12,8,0,signal_diagnostic_fullmask_goal_not_measured,Conditioned edge relation signal; no mask decoder.,strong_method_controls_20261005/real20_J_trimap_result.md,strong_method_controls_20261005/signed_edge_signal_cpu.py,strong_method_controls_20261005/real20_J_trimap/report.json,,no independent signal established,2026-10-05T06:46Z_stable_ge2_native,uncertainty_only_not_gate,FoRIS_native_1024,2,Assess target-specific signal and controls;do not reject solely because CI spans0;no>=2pp stable fullmask claim.
source_oriented_polarity,signal_probe_no_decoder,old60_exposed_DEV_old20_plus_new40,60,57,46,GT_crossing_spill_edge_AUC,source_boundary_polarity,source_boundary_mean,0.828267,0.840865,-0.012599,-0.034919,0.009119,-0.003060,-0.017534,0.011001,-0.038921,19,24,14,signal_diagnostic_fullmask_goal_not_measured,GT-crossing conditional edge task; tested false endpoints cover12.98% of actual FP pixels.,identity_edge_polarity60/pooled60.json#results.raw.main_minus_control.source_boundary_mean,identity_reference_edge_polarity.py;identity_run_edge_polarity60.py;identity_pool_polarity60.py;identity_edge_polarity_coverage.py,identity_edge_polarity60/report.json;identity_edge_polarity60/pooled60.json;identity_edge_polarity60/error_coverage.json,,independent_signal_not_established,2026-10-05T06:46Z_stable_ge2_native,uncertainty_only_not_gate,FoRIS_native_1024,2,Assess target-specific signal and controls;do not reject solely because CI spans0;no>=2pp stable fullmask claim.
reference_column_hubness_k10,label_free_signal_diagnostic,all120_actual_preFG_pixel_mass,120,120,67,actual_pre_TP_FP_pixel_mass_AUC,column_hub_margin,host_score,0.679306,0.714746,-0.035441,-0.069841,-0.002348,-0.054548,-0.069206,-0.005937,-0.012073,50,70,0,signal_diagnostic_fullmask_goal_not_measured,"Conditional hub-NN +.017209[.000697,.034019]; delta itself .481693 AUC; no usable host correction.",cpu_method/readout_shared_pass120/hubness_report.json#cohorts.all120.regions.pre_pixel_mass.cond_score_nn,column_hubness_probe.py;run_readout_shared_pass.py;evaluate_column_hubness.py;evaluate_hubness_pure_mixed.py,cpu_method/readout_shared_pass120/hubness_report.json;cpu_method/readout_shared_pass120/hubness_pure_mixed_report.json,,closed_after_prespecified_conditioning,2026-10-05T06:46Z_stable_ge2_native,uncertainty_only_not_gate,FoRIS_native_1024,2,Assess target-specific signal and controls;do not reject solely because CI spans0;no>=2pp stable fullmask claim.
query_spatial_residual_boundary,signal_candidate_fixed_renderer_not_scored,new40_exposed_DEV_with_old20_separate,40,34,30,within_cell_action_repair_damage_AUC,full_residual,scalar_geometry,0.531855,0.574687,-0.042832,-0.098849,0.013074,-0.067723,0.023804,-0.009252,-0.107022,13,18,3,signal_diagnostic_fullmask_goal_not_measured,34/40 eligible; fixed ±8px isolated actions. No complete mask scored.,spatial_residual60/report.json#summaries.new40.metrics.repair_vs_damage_AUC,spatial_residual_boundary.py;run_spatial_residual60.py,spatial_residual60/report.json,,signal_not_established_construct_closed,2026-10-05T06:46Z_stable_ge2_native,uncertainty_only_not_gate,FoRIS_native_1024,2,Assess target-specific signal and controls;do not reject solely because CI spans0;no>=2pp stable fullmask claim.
reference_mask_granularity,host_independent_method_hypothesis,new60_exposed_DEV,60,60,45,class_macro_IoU_pp,source_selected,fixed_0p6,43.267652,36.251678,7.015974,2.547807,11.401262,5.282166,7.696697,14.151401,-0.214765,25,7,28,historical_result_requires_effect_size_and_stability_reading,"q/r/cov only. Same average-linkage query tree. vs singleton +.1861[-4.3726,3.9115];grouping necessity unresolved.",strong_method_controls_20261005/reference_granularity/real120/report.json#source_selected__minus__fixed_0p6,strong_method_controls_20261005/reference_granularity/reference_granularity_cpu.py,strong_method_controls_20261005/reference_granularity/real120/report.json,RandomState(0);2000 photo-group draws,source_scale_transfer_positive_only,2026-10-05T06:46Z_stable_ge2_native,uncertainty_only_not_gate,FoRIS_native_1024,2,Keep recorded effect/control. PositiveCI vsweakercontrol is notgoal attainment;CIcross0 alone is notfailure. Refer exactcohort/native-stage comparison.
classical_class_specific_qda,classical_control,all120_exposed_DEV,120,120,67,class_macro_IoU_pp,qda,shared_cov,10.797251,30.169096,-19.371845,-24.886179,-14.936275,-15.502424,-19.582970,-19.709024,-22.960244,18,95,7,historical_result_requires_effect_size_and_stability_reading,q/r/cov only;full-image1024 preCRF. Equal priors;class-specific vs shared covariance.75allBG/6allFG;source fit does not establish query calibration.,cpu_method/source_qda120/report.json#qda__minus__shared_cov,source_qda_readout.py;run_source_qda.py,cpu_method/source_qda120/report.json,default_rng(0);2000 photo-group draws,closed_fixed_density_readout,2026-10-05T06:46Z_stable_ge2_native,uncertainty_only_not_gate,FoRIS_native_1024,2,Keep recorded effect/control. PositiveCI vsweakercontrol is notgoal attainment;CIcross0 alone is notfailure. Refer exactcohort/native-stage comparison.
classic_seed_to_extent_conductance,classical_capability_control,new60_exposed_DEV,60,60,45,class_mIoU_1024_repeated_token_preCRF,seeded_conductance,same_seed_query_NN,23.598135,25.912198,-2.314064,-8.543143,4.032240,-11.723457,-6.609221,9.644766,-0.648713,25,35,0,historical_result_requires_effect_size_and_stability_reading,"q/r/cov deployment;spatial4-neighbor PPR/conductance vs same16+16seed NN. NonlocalkNN16 is same-family oracle-only56cases: -7.2654[-13.0993,-1.0617],not deployment.",seeded_extent120_failurelink/report.json,seeded_extent_capability.py;seeded_extent_failurelink.py;seeded_nonlocal_extent60.py;seeded_nonlocal_evaluate_frozen.py,seeded_extent120/report.json;seeded_extent120_failurelink/report.json;seeded_nonlocal_extent60/report.json,default_rng(0);2000 photo-group draws,not_established_vs_NN_oracle_pooled_negative,2026-10-05T06:46Z_stable_ge2_native,uncertainty_only_not_gate,FoRIS_native_1024,2,Keep recorded effect/control. PositiveCI vsweakercontrol is notgoal attainment;CIcross0 alone is notfailure. Refer exactcohort/native-stage comparison.
bidirectional_region_coverage,host_independent_method_hypothesis,new60_exposed_DEV,60,60,45,class_macro_IoU_pp,full_bidir,ward_nn_all,37.359674,44.805249,-7.445575,-13.500459,-2.796077,-3.791829,-5.027072,-6.630920,-15.468010,14,43,3,historical_result_requires_effect_size_and_stability_reading,"8-FPS/full-source are one family. SameWard64,hard16px tiles,fixed0. Best-cut ranking ceiling is GT diagnostic;inflated FG at fixed0.",cpu_method/object_set120/report.json#full_bidir__minus__ward_nn_all,cpu_method/insid3_cached_aggregation.py;cpu_method/object_set_full_source.py,cpu_method/object_set120/report.json;cpu_method/object_set_full_source120/report.json;cpu_method/object_set_full_source120/contested_report.json,default_rng(0);2000 photo-group draws,full_source_information_restored_decision_failed,2026-10-05T06:46Z_stable_ge2_native,uncertainty_only_not_gate,FoRIS_native_1024,2,Keep recorded effect/control. PositiveCI vsweakercontrol is notgoal attainment;CIcross0 alone is notfailure. Refer exactcohort/native-stage comparison.
existing_insid3_cached_space,existing_baseline_control,new60_exposed_DEV,60,60,45,class_macro_IoU_pp,insid3_cached,native_pre,61.746199,60.874549,0.871650,-3.005935,4.488743,-0.090572,12.753173,-1.228564,-8.523103,24,36,0,historical_result_requires_effect_size_and_stability_reading,"Existing INSID3 logic;single cached feature space,cov>=.5,noRGB/CRF;NOT official raw/debiased-dual-space reproduction.",cpu_method/object_set120/report.json#insid3_cached__minus__native_pre,cpu_method/insid3_cached_aggregation.py,cpu_method/object_set120/report.json,default_rng(0);2000 photo-group draws,existing_control_unresolved_vs_host,2026-10-05T06:46Z_stable_ge2_native,uncertainty_only_not_gate,FoRIS_native_1024,2,Keep recorded effect/control. PositiveCI vsweakercontrol is notgoal attainment;CIcross0 alone is notfailure. Refer exactcohort/native-stage comparison.
complete_hypothesis_source_contrast,primary_method_candidate_with_secondary_variant,prior120_exposed_DEV,120,120,67,class_macro_IoU_pp,source_contrast_mean,native_cached_CRF,62.639807,62.017553,0.622255,-2.816659,3.201163,-0.664213,0.420653,4.115141,-0.895960,45,75,0,current_point_below2_await_fixed121_stability,"Primary retained. Secondary scalar_contrast63.806820,vsnative+1.789268;neitherpromoted norretuned onincoming121. Host-independentq/r/cov completehypotheses.",strong_method_controls_20261005/validation121_locked/prior120_frozen_comparisons.json,hypothesis_source_contrast.py;cpu_method/run_hypothesis_selector.py,strong_method_controls_20261005/validation121_locked/prior120_frozen_comparisons.json;strong_method_controls_20261005/validation121_locked/validation_contract.json,"RandomState(0);2000;numeric(fold,e,c)photogrouporder",preserved_in_original120_reports,2026-10-05T06:46Z_stable_ge2_native,uncertainty_only_not_gate,FoRIS_native_1024,2,"Existing120 pointgain<2;goal not yetmet byeffect size/stability,not because CIspans0. New121 andcombined241 fixedvalidation pending."
RCG_fixed_readout_comparator,verified_strong_readout_control,prior120_exposed_DEV,120,120,67,class_macro_IoU_pp,RCG,native_cached_CRF,63.722996,62.017553,1.705443,0.453405,3.250256,3.164857,0.604998,1.191652,1.713970,69,50,1,current_point_below2_await_fixed121_stability,"Usesq/r/cov/FoRISscore;development-selected fixedrecipe. Strongcontrol,notnew targetRCG+2. Meancontrol63.500149,vsnative+1.482596;alpha.25samegraph.",strong_method_controls_20261005/validation121_locked/prior120_frozen_comparisons.json,strong_method_controls_20261005/validation121_locked/locked_methods/rcg_readout.py,strong_method_controls_20261005/validation121_locked/prior120_frozen_comparisons.json;strong_method_controls_20261005/validation121_locked/validation_contract.json,"RandomState(0);2000;numeric(fold,e,c)photogrouporder",preserved_in_original120_reports,2026-10-05T06:46Z_stable_ge2_native,uncertainty_only_not_gate,FoRIS_native_1024,2,"Existing120 pointgain<2;goal not yetmet byeffect size/stability,not because CIspans0. New121 andcombined241 fixedvalidation pending."
full_token_rbf_mmd_hypothesis,method_candidate,old120_fixed_complete_bank,120,120,67,class_macro_IoU_pp,rbf_mmd,linear_mmd,52.744358,57.607222,-4.862864,-7.436702,-0.994748,-4.917875,-3.718461,-3.340329,-7.292434,6,23,91,tested_negative_fixed_distribution_matching,Fixed reference-median bandwidth; full HxH retained; unchanged 960 candidates; allold120 scores frozen before saved-IU lookup; no new100 read.,cpu_method/mmd_hypotheses120/report.json,full_token_mmd_hypotheses.py;mmd_hypothesis_diagnostic.py,cpu_method/mmd_hypotheses120/report.json;cpu_method/mmd_hypotheses120/native_stage_statistics.json,"RandomState(seed0),2000 photo-group draws",,2026-10-05T06:46Z_stable_ge2_native,uncertainty_only_not_gate,FoRIS_native_1024,2,Main minus native -9.273194900832145; consistently negative against simpler controls. Does not reject every higher-order statistic.
reference_conditioned_axis_graph_edges,method_candidate,old120_fixed_RCG_unary_and_topology,120,120,67,class_macro_IoU_pp,source_axis,released_RCG_original_W,63.695647,63.722996,-0.027349,-0.180979,0.232001,0.406945,-0.078729,-0.616603,0.084120,54,63,3,edge_signal_measured_complete_increment_near_zero,"SourceFGcov>=.9/BG<=.1; equal-class within-projection variance; sameRCG u/A/mutual20NN/lambda16/renderer. Primary edge cAUC(n86) +.074635[.039890,.111697] vsW, +.069058[.034309,.106628] vslabelshuffle. No newvalidation accessed.","Independent edge discrimination exists, but fixed kernel changes normalized edge mass only slightly (medianTV.008863) and adds essentially zero complete-mask mIoU overRCG; no sigma/lambda followup.",reference_axis_edges.py;reference_axis_edges_complete.py;reference_axis_effect_size.py,reference_axis_edges_complete120/report.json;reference_axis_edges120/signal_report.json;reference_axis_edges_complete120/effect_size.json,"RandomState(seed0),2000 photo-group draws,rows sortedfold/e/c;classIU reaggregation",,2026-10-05T06:46Z_stable_ge2_native,uncertainty_only_not_gate,FoRIS_native_1024,2,"Edge signal measured; complete-method new effect near zero. Candidate-native+1.678094 is inheritedRCG performance, not newmechanism gain; no meaningful stable>=2pp contribution established."
rcg_binary_domain_cut,method_candidate,old120_complete_mask,120,120,67,class_macro_IoU_pp,RCG_binary_mincut,RCG_continuous,61.368731,63.722996,-2.354265,-5.025438,0.274133,-4.022862,-2.268597,-3.797649,0.600392,44,73,3,"Lower energy did not yield better masks; point61.369 is below native62.018, not a stable +2. CI sign is not the criterion.",Same RCG quadratic energy; binary mincut plus identical binary-render control. Original default_rng report preserved.,rcg_binary_cut_result.md,rcg_binary_cut.py,strong_method_controls_20261005/completed_0745_statistics.json;rcg_binary_cut120/report.json,"RandomState(0), 2000 photo-group draws; fold/e/c order; class I/U reaggregation",,2026-10-05T06:46Z_stable_ge2_native,uncertainty_only_not_gate,FoRIS_native_1024,2,"Lower energy did not yield better masks; point61.369 is below native62.018, not a stable +2. CI sign is not the criterion."
rcg_conditional_leave_one_out,signal_diagnostic,old120_constructed_new60_primary_signal,60,58,43,episode_macro_conditional_pixel_mass_AUC,exact_LOO_minus_u,degree_normalized_residual_equiv_Wz_over_degree_minus_u,0.599921,0.600215,-0.000293,-0.001086,0.000365,-0.000276,0.000412,-0.001302,-0.000060,27,22,9,small_residual_signal_explained_by_simple_degree_control,"Same actual RCG foreground TP/FP; source score10 bins. Exact-vs-raw residual +.003516 original CI[.001548,.005786]; degree control added after result. No decoder or mIoU gain.",rcg_loo_result.md,rcg_leave_one_out_probe.py;rcg_loo_run.py;rcg_loo_evaluate.py;rcg_loo_degree_control_evaluate.py;portable_rcg_loo/,strong_method_controls_20261005/completed_0745_statistics.json;cpu_method/rcg_loo120/report.json;cpu_method/rcg_loo120/degree_control_report.json,"RandomState(0),2000 photo-group draws; numeric fold/e/c order; repeated-episode mean AUC",,2026-10-05T06:46Z_stable_ge2_native,uncertainty_only_not_gate,FoRIS_native_1024,2,No incremental error-separating information over simple same-field degree control established; AUC is not mask gain.
frozen_hypothesis_linear_supervised_capacity,supervised_capacity_diagnostic,old120_four_class_fold_OOF,120,120,67,class_macro_IoU_pp,full_six_score_ranker,foreground_mean_control,61.024130,62.011491,-0.987361,-1.405345,0.000000,0.000000,-2.806619,-1.229376,0.000000,0,2,118,No extra held-class selection benefit for this fixed linear head; not a zero-training method or full feature-capacity ceiling.,GT-trained pairwise linear ranker:6scores+area+default; fixed C1;train-only normalization. Simple head uses FGmean+area+default. No new121 read.,strong_method_controls_20261005/score_rank_capacity120/result.md,strong_method_controls_20261005/score_rank_capacity120/run_rank_diagnostic.py,strong_method_controls_20261005/score_rank_capacity120/report.json,"RandomState(0), 2000 photo-group draws; fold/e/c order; class I/U reaggregation",,2026-10-05T06:46Z_stable_ge2_native,uncertainty_only_not_gate,FoRIS_native_1024,2,No extra held-class selection benefit for this fixed linear head; not a zero-training method or full feature-capacity ceiling.
