key,c,fold,batch,add_TP,delete_FP,delete_TP,add_FP,arm,intersection,union,IoU,truth_area,predicted_area
0_0_72,72,0,public0,0,0,0,0,native,0,256592,0.0,73956,182636
0_0_72,72,0,public0,0,92041,0,54219,ctx,0,218770,0.0,73956,144814
0_0_72,72,0,public0,0,68273,0,41015,plain.control,0,229334,0.0,73956,155378
0_0_72,72,0,public0,27128,5825,0,19493,mean-unit.control,27128,270260,10.0377414341745,73956,223432
0_0_72,72,0,public0,74,138156,0,71200,uniform.control,74,189636,0.03902212660043452,73956,115754
0_0_72,72,0,public0,0,5034,0,15732,stored_mean.control,0,267290,0.0,73956,193334
0_0_72,72,0,public0,0,6397,0,14865,rcg.control,0,265060,0.0,73956,191104
0_0_72,72,0,public0,0,5775,0,15293,fine16.control,0,266110,0.0,73956,192154
0_0_72,72,0,public0,0,7272,0,12468,fine64.control,0,261788,0.0,73956,187832
1_0_73,73,1,public0,0,0,0,0,native,32958,96852,34.02924049064552,33268,96542
1_0_73,73,1,public0,8,6284,1332,99285,ctx,31634,189853,16.662365092993,33268,188219
1_0_73,73,1,public0,76,2211,216,60993,plain.control,32818,155634,21.086652016911472,33268,155184
1_0_73,73,1,public0,89,1761,392,80662,mean-unit.control,32655,175753,18.58005268757859,33268,175140
1_0_73,73,1,public0,88,3667,435,24285,uniform.control,32611,117470,27.761130501404615,33268,116813
1_0_73,73,1,public0,126,1361,231,11835,stored_mean.control,32853,107326,30.610476492182695,33268,106911
1_0_73,73,1,public0,150,1207,199,12769,rcg.control,32909,108414,30.354935709410224,33268,108055
1_0_73,73,1,public0,142,673,100,13800,fine16.control,33000,109979,30.00572836632448,33268,109711
1_0_73,73,1,public0,203,572,73,19340,fine64.control,33088,115620,28.617886178861788,33268,115440
2_0_74,74,2,public0,0,0,0,0,native,38251,63399,60.33375920755848,38251,63399
2_0_74,74,2,public0,0,12607,87,28505,ctx,38164,79297,48.127924133321564,38251,79210
2_0_74,74,2,public0,0,4011,0,358,plain.control,38251,59746,64.02269608007231,38251,59746
2_0_74,74,2,public0,0,2503,0,63396,mean-unit.control,38251,124292,30.775110224310495,38251,124292
2_0_74,74,2,public0,0,9108,0,4644,uniform.control,38251,58935,64.90370747433613,38251,58935
2_0_74,74,2,public0,0,2234,0,757,stored_mean.control,38251,61922,61.772875553115206,38251,61922
2_0_74,74,2,public0,0,3235,0,416,rcg.control,38251,60580,63.14130075932651,38251,60580
2_0_74,74,2,public0,0,1668,0,699,fine16.control,38251,62430,61.27022264936729,38251,62430
2_0_74,74,2,public0,0,2294,0,451,fine64.control,38251,61556,62.14016505295991,38251,61556
3_0_75,75,3,public0,0,0,0,0,native,211668,415825,50.903144351590214,234656,392837
3_0_75,75,3,public0,16340,20966,51074,101300,ctx,176934,496159,35.66074584961675,234656,438437
3_0_75,75,3,public0,13195,43511,28344,68992,plain.control,196519,441306,44.53123229686431,234656,403169
3_0_75,75,3,public0,12643,17099,25257,92646,mean-unit.control,199054,491372,40.509837760393346,234656,455770
3_0_75,75,3,public0,1669,19237,13220,21739,uniform.control,200117,418327,47.83745730015036,234656,383788
3_0_75,75,3,public0,1660,12100,2944,14077,stored_mean.control,210384,417802,50.35495282454368,234656,393530
3_0_75,75,3,public0,4452,10723,3194,34845,rcg.control,212926,439947,48.398102498710074,234656,418217
3_0_75,75,3,public0,3673,8546,1526,34756,fine16.control,213815,442035,48.370604137681404,234656,421194
3_0_75,75,3,public0,1680,24146,2144,7773,fine64.control,211204,399452,52.87343660815317,234656,376000
