timestamp, index, name, utilization.gpu [%], memory.used [MiB], power.draw [W]
2026/10/01 21:48:24.661, 0, NVIDIA GeForce RTX 4080, 0 %, 4 MiB, 14.29 W
2026/10/01 21:48:25.665, 0, NVIDIA GeForce RTX 4080, 0 %, 4 MiB, 14.44 W
2026/10/01 21:48:26.665, 0, NVIDIA GeForce RTX 4080, 0 %, 4 MiB, 14.45 W
2026/10/01 21:48:27.665, 0, NVIDIA GeForce RTX 4080, 0 %, 4 MiB, 14.45 W
2026/10/01 21:48:28.665, 0, NVIDIA GeForce RTX 4080, 0 %, 695 MiB, 14.43 W
2026/10/01 21:48:29.666, 0, NVIDIA GeForce RTX 4080, 5 %, 3395 MiB, 42.01 W
2026/10/01 21:48:30.666, 0, NVIDIA GeForce RTX 4080, 87 %, 3395 MiB, 134.10 W
2026/10/01 21:48:31.666, 0, NVIDIA GeForce RTX 4080, 90 %, 3399 MiB, 150.72 W
2026/10/01 21:48:32.666, 0, NVIDIA GeForce RTX 4080, 12 %, 3399 MiB, 136.83 W
2026/10/01 21:48:33.666, 0, NVIDIA GeForce RTX 4080, 12 %, 3399 MiB, 129.55 W
2026/10/01 21:48:34.667, 0, NVIDIA GeForce RTX 4080, 7 %, 3399 MiB, 128.57 W
2026/10/01 21:48:35.667, 0, NVIDIA GeForce RTX 4080, 86 %, 3399 MiB, 127.62 W
2026/10/01 21:48:36.667, 0, NVIDIA GeForce RTX 4080, 21 %, 3399 MiB, 132.02 W
2026/10/01 21:48:37.667, 0, NVIDIA GeForce RTX 4080, 9 %, 3399 MiB, 111.54 W
2026/10/01 21:48:38.667, 0, NVIDIA GeForce RTX 4080, 12 %, 3399 MiB, 113.48 W
2026/10/01 21:48:39.694, 0, NVIDIA GeForce RTX 4080, 8 %, 4 MiB, 61.54 W
2026/10/01 21:48:40.697, 0, NVIDIA GeForce RTX 4080, 0 %, 4 MiB, 55.15 W
2026/10/01 21:48:41.701, 0, NVIDIA GeForce RTX 4080, 0 %, 4 MiB, 35.12 W
2026/10/01 21:48:42.701, 0, NVIDIA GeForce RTX 4080, 0 %, 363 MiB, 33.44 W
2026/10/01 21:48:43.702, 0, NVIDIA GeForce RTX 4080, 0 %, 363 MiB, 42.12 W
2026/10/01 21:48:44.705, 0, NVIDIA GeForce RTX 4080, 0 %, 363 MiB, 42.09 W
2026/10/01 21:48:45.709, 0, NVIDIA GeForce RTX 4080, 0 %, 363 MiB, 41.86 W
2026/10/01 21:48:46.709, 0, NVIDIA GeForce RTX 4080, 0 %, 363 MiB, 41.80 W
2026/10/01 21:48:47.709, 0, NVIDIA GeForce RTX 4080, 20 %, 777 MiB, 43.15 W
2026/10/01 21:48:48.710, 0, NVIDIA GeForce RTX 4080, 88 %, 777 MiB, 177.70 W
2026/10/01 21:48:49.710, 0, NVIDIA GeForce RTX 4080, 80 %, 777 MiB, 206.26 W
2026/10/01 21:48:50.710, 0, NVIDIA GeForce RTX 4080, 78 %, 777 MiB, 166.10 W
2026/10/01 21:48:51.710, 0, NVIDIA GeForce RTX 4080, 0 %, 777 MiB, 183.77 W
2026/10/01 21:48:52.711, 0, NVIDIA GeForce RTX 4080, 0 %, 777 MiB, 58.74 W
2026/10/01 21:48:53.711, 0, NVIDIA GeForce RTX 4080, 0 %, 777 MiB, 49.17 W
2026/10/01 21:48:54.711, 0, NVIDIA GeForce RTX 4080, 84 %, 777 MiB, 172.29 W
2026/10/01 21:48:55.711, 0, NVIDIA GeForce RTX 4080, 82 %, 777 MiB, 234.99 W
2026/10/01 21:48:56.712, 0, NVIDIA GeForce RTX 4080, 81 %, 777 MiB, 205.23 W
2026/10/01 21:48:57.712, 0, NVIDIA GeForce RTX 4080, 0 %, 777 MiB, 183.42 W
2026/10/01 21:48:58.712, 0, NVIDIA GeForce RTX 4080, 0 %, 777 MiB, 60.91 W
2026/10/01 21:48:59.712, 0, NVIDIA GeForce RTX 4080, 0 %, 777 MiB, 52.69 W
2026/10/01 21:49:00.712, 0, NVIDIA GeForce RTX 4080, 0 %, 777 MiB, 47.97 W
2026/10/01 21:49:01.713, 0, NVIDIA GeForce RTX 4080, 0 %, 777 MiB, 44.62 W
2026/10/01 21:49:02.713, 0, NVIDIA GeForce RTX 4080, 0 %, 777 MiB, 45.97 W
2026/10/01 21:49:03.713, 0, NVIDIA GeForce RTX 4080, 0 %, 777 MiB, 46.93 W
2026/10/01 21:49:04.713, 0, NVIDIA GeForce RTX 4080, 0 %, 777 MiB, 47.34 W
2026/10/01 21:49:05.714, 0, NVIDIA GeForce RTX 4080, 0 %, 777 MiB, 48.55 W
2026/10/01 21:49:06.714, 0, NVIDIA GeForce RTX 4080, 91 %, 777 MiB, 147.68 W
2026/10/01 21:49:07.714, 0, NVIDIA GeForce RTX 4080, 85 %, 777 MiB, 235.08 W
2026/10/01 21:49:08.714, 0, NVIDIA GeForce RTX 4080, 38 %, 777 MiB, 194.09 W
2026/10/01 21:49:09.714, 0, NVIDIA GeForce RTX 4080, 25 %, 777 MiB, 251.65 W
2026/10/01 21:49:10.715, 0, NVIDIA GeForce RTX 4080, 0 %, 777 MiB, 74.62 W
2026/10/01 21:49:11.715, 0, NVIDIA GeForce RTX 4080, 0 %, 777 MiB, 65.05 W
2026/10/01 21:49:12.715, 0, NVIDIA GeForce RTX 4080, 0 %, 777 MiB, 58.14 W
2026/10/01 21:49:13.715, 0, NVIDIA GeForce RTX 4080, 0 %, 777 MiB, 52.40 W
2026/10/01 21:49:14.715, 0, NVIDIA GeForce RTX 4080, 0 %, 777 MiB, 52.41 W
2026/10/01 21:49:15.716, 0, NVIDIA GeForce RTX 4080, 0 %, 777 MiB, 52.49 W
2026/10/01 21:49:16.716, 0, NVIDIA GeForce RTX 4080, 96 %, 777 MiB, 136.62 W
2026/10/01 21:49:17.716, 0, NVIDIA GeForce RTX 4080, 99 %, 777 MiB, 232.70 W
2026/10/01 21:49:18.716, 0, NVIDIA GeForce RTX 4080, 0 %, 777 MiB, 244.09 W
2026/10/01 21:49:19.716, 0, NVIDIA GeForce RTX 4080, 90 %, 777 MiB, 184.83 W
2026/10/01 21:49:20.717, 0, NVIDIA GeForce RTX 4080, 0 %, 777 MiB, 188.28 W
2026/10/01 21:49:21.717, 0, NVIDIA GeForce RTX 4080, 0 %, 777 MiB, 69.15 W
2026/10/01 21:49:22.717, 0, NVIDIA GeForce RTX 4080, 0 %, 777 MiB, 60.24 W
2026/10/01 21:49:23.717, 0, NVIDIA GeForce RTX 4080, 0 %, 777 MiB, 56.63 W
2026/10/01 21:49:24.718, 0, NVIDIA GeForce RTX 4080, 0 %, 777 MiB, 53.43 W
2026/10/01 21:49:25.718, 0, NVIDIA GeForce RTX 4080, 0 %, 777 MiB, 53.07 W
2026/10/01 21:49:26.718, 0, NVIDIA GeForce RTX 4080, 0 %, 777 MiB, 52.63 W
2026/10/01 21:49:27.718, 0, NVIDIA GeForce RTX 4080, 0 %, 777 MiB, 52.39 W
2026/10/01 21:49:28.718, 0, NVIDIA GeForce RTX 4080, 0 %, 777 MiB, 52.14 W
2026/10/01 21:49:29.719, 0, NVIDIA GeForce RTX 4080, 0 %, 779 MiB, 52.36 W
2026/10/01 21:49:30.719, 0, NVIDIA GeForce RTX 4080, 74 %, 779 MiB, 186.02 W
2026/10/01 21:49:31.719, 0, NVIDIA GeForce RTX 4080, 72 %, 779 MiB, 181.78 W
2026/10/01 21:49:32.719, 0, NVIDIA GeForce RTX 4080, 2 %, 779 MiB, 169.38 W
2026/10/01 21:49:33.719, 0, NVIDIA GeForce RTX 4080, 72 %, 779 MiB, 180.56 W
2026/10/01 21:49:34.720, 0, NVIDIA GeForce RTX 4080, 0 %, 779 MiB, 124.72 W
2026/10/01 21:49:35.720, 0, NVIDIA GeForce RTX 4080, 0 %, 779 MiB, 67.88 W
2026/10/01 21:49:36.720, 0, NVIDIA GeForce RTX 4080, 0 %, 779 MiB, 54.89 W
2026/10/01 21:49:37.720, 0, NVIDIA GeForce RTX 4080, 0 %, 781 MiB, 50.95 W
2026/10/01 21:49:38.720, 0, NVIDIA GeForce RTX 4080, 78 %, 781 MiB, 153.72 W
2026/10/01 21:49:39.721, 0, NVIDIA GeForce RTX 4080, 80 %, 781 MiB, 154.43 W
2026/10/01 21:49:40.721, 0, NVIDIA GeForce RTX 4080, 0 %, 781 MiB, 140.99 W
2026/10/01 21:49:41.722, 0, NVIDIA GeForce RTX 4080, 78 %, 781 MiB, 154.75 W
2026/10/01 21:49:42.722, 0, NVIDIA GeForce RTX 4080, 0 %, 781 MiB, 126.08 W
2026/10/01 21:49:43.722, 0, NVIDIA GeForce RTX 4080, 0 %, 781 MiB, 67.70 W
2026/10/01 21:49:44.723, 0, NVIDIA GeForce RTX 4080, 0 %, 783 MiB, 55.04 W
2026/10/01 21:49:45.723, 0, NVIDIA GeForce RTX 4080, 62 %, 783 MiB, 97.90 W
2026/10/01 21:49:46.723, 0, NVIDIA GeForce RTX 4080, 61 %, 783 MiB, 165.61 W
2026/10/01 21:49:47.723, 0, NVIDIA GeForce RTX 4080, 34 %, 783 MiB, 190.29 W
2026/10/01 21:49:48.723, 0, NVIDIA GeForce RTX 4080, 60 %, 783 MiB, 138.12 W
2026/10/01 21:49:49.724, 0, NVIDIA GeForce RTX 4080, 5 %, 783 MiB, 166.06 W
2026/10/01 21:49:50.724, 0, NVIDIA GeForce RTX 4080, 0 %, 783 MiB, 69.22 W
2026/10/01 21:49:51.724, 0, NVIDIA GeForce RTX 4080, 0 %, 783 MiB, 68.00 W
2026/10/01 21:49:52.724, 0, NVIDIA GeForce RTX 4080, 100 %, 783 MiB, 99.34 W
2026/10/01 21:49:53.725, 0, NVIDIA GeForce RTX 4080, 85 %, 783 MiB, 216.27 W
2026/10/01 21:49:54.725, 0, NVIDIA GeForce RTX 4080, 47 %, 783 MiB, 220.47 W
2026/10/01 21:49:55.725, 0, NVIDIA GeForce RTX 4080, 87 %, 783 MiB, 218.94 W
2026/10/01 21:49:56.725, 0, NVIDIA GeForce RTX 4080, 87 %, 783 MiB, 175.05 W
2026/10/01 21:49:57.725, 0, NVIDIA GeForce RTX 4080, 90 %, 783 MiB, 235.19 W
2026/10/01 21:49:58.726, 0, NVIDIA GeForce RTX 4080, 0 %, 783 MiB, 251.41 W
2026/10/01 21:49:59.726, 0, NVIDIA GeForce RTX 4080, 88 %, 783 MiB, 158.68 W
2026/10/01 21:50:00.726, 0, NVIDIA GeForce RTX 4080, 3 %, 783 MiB, 212.92 W
2026/10/01 21:50:01.726, 0, NVIDIA GeForce RTX 4080, 63 %, 783 MiB, 172.89 W
2026/10/01 21:50:02.726, 0, NVIDIA GeForce RTX 4080, 62 %, 783 MiB, 178.47 W
2026/10/01 21:50:03.727, 0, NVIDIA GeForce RTX 4080, 0 %, 783 MiB, 143.62 W
2026/10/01 21:50:04.727, 0, NVIDIA GeForce RTX 4080, 57 %, 783 MiB, 182.05 W
2026/10/01 21:50:05.727, 0, NVIDIA GeForce RTX 4080, 55 %, 783 MiB, 124.14 W
2026/10/01 21:50:06.727, 0, NVIDIA GeForce RTX 4080, 0 %, 783 MiB, 174.48 W
2026/10/01 21:50:07.728, 0, NVIDIA GeForce RTX 4080, 81 %, 783 MiB, 170.18 W
2026/10/01 21:50:08.728, 0, NVIDIA GeForce RTX 4080, 67 %, 783 MiB, 134.43 W
2026/10/01 21:50:09.728, 0, NVIDIA GeForce RTX 4080, 77 %, 783 MiB, 190.10 W
2026/10/01 21:50:10.728, 0, NVIDIA GeForce RTX 4080, 75 %, 783 MiB, 148.01 W
2026/10/01 21:50:11.728, 0, NVIDIA GeForce RTX 4080, 73 %, 783 MiB, 185.97 W
2026/10/01 21:50:12.729, 0, NVIDIA GeForce RTX 4080, 0 %, 783 MiB, 203.14 W
2026/10/01 21:50:13.729, 0, NVIDIA GeForce RTX 4080, 73 %, 783 MiB, 164.67 W
2026/10/01 21:50:14.729, 0, NVIDIA GeForce RTX 4080, 0 %, 783 MiB, 158.03 W
2026/10/01 21:50:15.729, 0, NVIDIA GeForce RTX 4080, 0 %, 783 MiB, 220.17 W
2026/10/01 21:50:16.730, 0, NVIDIA GeForce RTX 4080, 94 %, 783 MiB, 249.21 W
2026/10/01 21:50:17.730, 0, NVIDIA GeForce RTX 4080, 97 %, 783 MiB, 178.45 W
2026/10/01 21:50:18.730, 0, NVIDIA GeForce RTX 4080, 0 %, 783 MiB, 250.98 W
2026/10/01 21:50:19.730, 0, NVIDIA GeForce RTX 4080, 93 %, 783 MiB, 184.45 W
2026/10/01 21:50:20.730, 0, NVIDIA GeForce RTX 4080, 89 %, 783 MiB, 235.68 W
2026/10/01 21:50:21.731, 0, NVIDIA GeForce RTX 4080, 84 %, 783 MiB, 184.04 W
2026/10/01 21:50:22.731, 0, NVIDIA GeForce RTX 4080, 27 %, 783 MiB, 260.48 W
2026/10/01 21:50:23.731, 0, NVIDIA GeForce RTX 4080, 82 %, 783 MiB, 175.08 W
2026/10/01 21:50:24.731, 0, NVIDIA GeForce RTX 4080, 86 %, 783 MiB, 226.92 W
2026/10/01 21:50:25.731, 0, NVIDIA GeForce RTX 4080, 0 %, 783 MiB, 184.13 W
2026/10/01 21:50:26.732, 0, NVIDIA GeForce RTX 4080, 81 %, 783 MiB, 251.93 W
2026/10/01 21:50:27.732, 0, NVIDIA GeForce RTX 4080, 83 %, 783 MiB, 169.71 W
2026/10/01 21:50:28.732, 0, NVIDIA GeForce RTX 4080, 84 %, 783 MiB, 208.54 W
2026/10/01 21:50:29.732, 0, NVIDIA GeForce RTX 4080, 0 %, 783 MiB, 189.35 W
2026/10/01 21:50:30.732, 0, NVIDIA GeForce RTX 4080, 76 %, 783 MiB, 201.26 W
2026/10/01 21:50:31.733, 0, NVIDIA GeForce RTX 4080, 0 %, 783 MiB, 127.98 W
2026/10/01 21:50:32.733, 0, NVIDIA GeForce RTX 4080, 0 %, 783 MiB, 74.54 W
2026/10/01 21:50:33.733, 0, NVIDIA GeForce RTX 4080, 0 %, 783 MiB, 62.29 W
2026/10/01 21:50:34.733, 0, NVIDIA GeForce RTX 4080, 99 %, 7299 MiB, 65.70 W
2026/10/01 21:50:35.733, 0, NVIDIA GeForce RTX 4080, 98 %, 7299 MiB, 232.14 W
2026/10/01 21:50:36.734, 0, NVIDIA GeForce RTX 4080, 31 %, 7299 MiB, 220.16 W
2026/10/01 21:50:37.734, 0, NVIDIA GeForce RTX 4080, 42 %, 7299 MiB, 233.82 W
2026/10/01 21:50:38.734, 0, NVIDIA GeForce RTX 4080, 0 %, 7299 MiB, 84.19 W
2026/10/01 21:50:39.734, 0, NVIDIA GeForce RTX 4080, 0 %, 7299 MiB, 74.29 W
2026/10/01 21:50:40.734, 0, NVIDIA GeForce RTX 4080, 100 %, 7299 MiB, 89.17 W
2026/10/01 21:50:41.735, 0, NVIDIA GeForce RTX 4080, 98 %, 7299 MiB, 291.64 W
2026/10/01 21:50:42.735, 0, NVIDIA GeForce RTX 4080, 51 %, 7299 MiB, 195.38 W
2026/10/01 21:50:43.735, 0, NVIDIA GeForce RTX 4080, 0 %, 7299 MiB, 261.46 W
2026/10/01 21:50:44.735, 0, NVIDIA GeForce RTX 4080, 0 %, 7299 MiB, 75.26 W
2026/10/01 21:50:45.736, 0, NVIDIA GeForce RTX 4080, 0 %, 7299 MiB, 74.25 W
2026/10/01 21:50:46.736, 0, NVIDIA GeForce RTX 4080, 0 %, 7299 MiB, 60.39 W
2026/10/01 21:50:47.736, 0, NVIDIA GeForce RTX 4080, 0 %, 7299 MiB, 58.61 W
2026/10/01 21:50:48.736, 0, NVIDIA GeForce RTX 4080, 0 %, 7299 MiB, 57.81 W
2026/10/01 21:50:49.736, 0, NVIDIA GeForce RTX 4080, 0 %, 7299 MiB, 57.65 W
2026/10/01 21:50:50.737, 0, NVIDIA GeForce RTX 4080, 0 %, 7299 MiB, 57.84 W
2026/10/01 21:50:51.737, 0, NVIDIA GeForce RTX 4080, 0 %, 7299 MiB, 57.45 W
2026/10/01 21:50:52.737, 0, NVIDIA GeForce RTX 4080, 100 %, 7301 MiB, 80.68 W
2026/10/01 21:50:53.737, 0, NVIDIA GeForce RTX 4080, 100 %, 7303 MiB, 87.60 W
2026/10/01 21:50:54.737, 0, NVIDIA GeForce RTX 4080, 0 %, 7303 MiB, 213.68 W
2026/10/01 21:50:55.738, 0, NVIDIA GeForce RTX 4080, 20 %, 7303 MiB, 258.84 W
2026/10/01 21:50:56.738, 0, NVIDIA GeForce RTX 4080, 96 %, 7303 MiB, 160.88 W
2026/10/01 21:50:57.738, 0, NVIDIA GeForce RTX 4080, 0 %, 7303 MiB, 205.30 W
2026/10/01 21:50:58.738, 0, NVIDIA GeForce RTX 4080, 0 %, 7303 MiB, 73.45 W
2026/10/01 21:50:59.738, 0, NVIDIA GeForce RTX 4080, 0 %, 7303 MiB, 63.91 W
2026/10/01 21:51:00.739, 0, NVIDIA GeForce RTX 4080, 0 %, 7303 MiB, 58.90 W
2026/10/01 21:51:01.739, 0, NVIDIA GeForce RTX 4080, 0 %, 7303 MiB, 55.54 W
2026/10/01 21:51:02.739, 0, NVIDIA GeForce RTX 4080, 0 %, 7303 MiB, 55.39 W
2026/10/01 21:51:03.739, 0, NVIDIA GeForce RTX 4080, 0 %, 7303 MiB, 55.67 W
2026/10/01 21:51:04.740, 0, NVIDIA GeForce RTX 4080, 99 %, 7303 MiB, 113.01 W
2026/10/01 21:51:05.740, 0, NVIDIA GeForce RTX 4080, 99 %, 7303 MiB, 278.70 W
2026/10/01 21:51:06.740, 0, NVIDIA GeForce RTX 4080, 0 %, 7303 MiB, 239.40 W
2026/10/01 21:51:07.740, 0, NVIDIA GeForce RTX 4080, 98 %, 7303 MiB, 220.99 W
2026/10/01 21:51:08.740, 0, NVIDIA GeForce RTX 4080, 0 %, 7303 MiB, 178.55 W
2026/10/01 21:51:09.741, 0, NVIDIA GeForce RTX 4080, 0 %, 7303 MiB, 72.91 W
2026/10/01 21:51:10.741, 0, NVIDIA GeForce RTX 4080, 0 %, 7303 MiB, 59.27 W
2026/10/01 21:51:11.741, 0, NVIDIA GeForce RTX 4080, 0 %, 7303 MiB, 57.56 W
2026/10/01 21:51:12.741, 0, NVIDIA GeForce RTX 4080, 0 %, 7303 MiB, 57.30 W
2026/10/01 21:51:13.741, 0, NVIDIA GeForce RTX 4080, 0 %, 7303 MiB, 57.05 W
2026/10/01 21:51:14.742, 0, NVIDIA GeForce RTX 4080, 0 %, 7303 MiB, 56.75 W
2026/10/01 21:51:15.742, 0, NVIDIA GeForce RTX 4080, 0 %, 7303 MiB, 56.58 W
2026/10/01 21:51:16.742, 0, NVIDIA GeForce RTX 4080, 0 %, 7303 MiB, 56.27 W
2026/10/01 21:51:17.742, 0, NVIDIA GeForce RTX 4080, 0 %, 7303 MiB, 56.04 W
2026/10/01 21:51:18.743, 0, NVIDIA GeForce RTX 4080, 98 %, 7303 MiB, 180.48 W
2026/10/01 21:51:19.743, 0, NVIDIA GeForce RTX 4080, 98 %, 7303 MiB, 260.57 W
2026/10/01 21:51:20.743, 0, NVIDIA GeForce RTX 4080, 0 %, 7303 MiB, 174.05 W
2026/10/01 21:51:21.743, 0, NVIDIA GeForce RTX 4080, 0 %, 7303 MiB, 240.15 W
2026/10/01 21:51:22.743, 0, NVIDIA GeForce RTX 4080, 0 %, 7303 MiB, 73.73 W
2026/10/01 21:51:23.744, 0, NVIDIA GeForce RTX 4080, 0 %, 7303 MiB, 71.83 W
2026/10/01 21:51:24.744, 0, NVIDIA GeForce RTX 4080, 0 %, 7303 MiB, 56.53 W
2026/10/01 21:51:25.744, 0, NVIDIA GeForce RTX 4080, 9 %, 7303 MiB, 57.60 W
2026/10/01 21:51:26.744, 0, NVIDIA GeForce RTX 4080, 20 %, 7303 MiB, 196.36 W
2026/10/01 21:51:27.744, 0, NVIDIA GeForce RTX 4080, 8 %, 7303 MiB, 217.14 W
2026/10/01 21:51:28.745, 0, NVIDIA GeForce RTX 4080, 96 %, 7303 MiB, 218.83 W
2026/10/01 21:51:29.745, 0, NVIDIA GeForce RTX 4080, 0 %, 7303 MiB, 99.11 W
2026/10/01 21:51:30.746, 0, NVIDIA GeForce RTX 4080, 0 %, 7303 MiB, 71.65 W
2026/10/01 21:51:31.746, 0, NVIDIA GeForce RTX 4080, 0 %, 7303 MiB, 55.73 W
2026/10/01 21:51:32.746, 0, NVIDIA GeForce RTX 4080, 66 %, 7303 MiB, 185.50 W
2026/10/01 21:51:33.747, 0, NVIDIA GeForce RTX 4080, 15 %, 7303 MiB, 247.10 W
2026/10/01 21:51:34.747, 0, NVIDIA GeForce RTX 4080, 95 %, 7303 MiB, 164.07 W
2026/10/01 21:51:35.747, 0, NVIDIA GeForce RTX 4080, 0 %, 7303 MiB, 174.99 W
2026/10/01 21:51:36.747, 0, NVIDIA GeForce RTX 4080, 0 %, 7303 MiB, 72.36 W
2026/10/01 21:51:37.748, 0, NVIDIA GeForce RTX 4080, 0 %, 7305 MiB, 59.77 W
2026/10/01 21:51:38.748, 0, NVIDIA GeForce RTX 4080, 100 %, 7305 MiB, 120.93 W
2026/10/01 21:51:39.748, 0, NVIDIA GeForce RTX 4080, 99 %, 7305 MiB, 265.16 W
2026/10/01 21:51:40.748, 0, NVIDIA GeForce RTX 4080, 0 %, 7305 MiB, 152.47 W
2026/10/01 21:51:41.748, 0, NVIDIA GeForce RTX 4080, 98 %, 7305 MiB, 270.33 W
2026/10/01 21:51:42.749, 0, NVIDIA GeForce RTX 4080, 100 %, 7305 MiB, 138.19 W
2026/10/01 21:51:43.749, 0, NVIDIA GeForce RTX 4080, 99 %, 7305 MiB, 281.60 W
2026/10/01 21:51:44.749, 0, NVIDIA GeForce RTX 4080, 0 %, 7305 MiB, 207.71 W
2026/10/01 21:51:45.749, 0, NVIDIA GeForce RTX 4080, 99 %, 7305 MiB, 201.36 W
2026/10/01 21:51:46.749, 0, NVIDIA GeForce RTX 4080, 3 %, 7305 MiB, 173.31 W
2026/10/01 21:51:47.750, 0, NVIDIA GeForce RTX 4080, 13 %, 7305 MiB, 201.15 W
2026/10/01 21:51:48.750, 0, NVIDIA GeForce RTX 4080, 0 %, 7305 MiB, 234.46 W
2026/10/01 21:51:49.750, 0, NVIDIA GeForce RTX 4080, 97 %, 7305 MiB, 203.99 W
2026/10/01 21:51:50.750, 0, NVIDIA GeForce RTX 4080, 0 %, 7305 MiB, 136.92 W
2026/10/01 21:51:51.750, 0, NVIDIA GeForce RTX 4080, 98 %, 7305 MiB, 229.56 W
2026/10/01 21:51:52.751, 0, NVIDIA GeForce RTX 4080, 0 %, 7305 MiB, 200.87 W
2026/10/01 21:51:53.751, 0, NVIDIA GeForce RTX 4080, 40 %, 7305 MiB, 218.98 W
2026/10/01 21:51:54.751, 0, NVIDIA GeForce RTX 4080, 99 %, 7305 MiB, 144.28 W
2026/10/01 21:51:55.751, 0, NVIDIA GeForce RTX 4080, 98 %, 7305 MiB, 285.08 W
2026/10/01 21:51:56.751, 0, NVIDIA GeForce RTX 4080, 0 %, 7305 MiB, 148.62 W
2026/10/01 21:51:57.752, 0, NVIDIA GeForce RTX 4080, 0 %, 7305 MiB, 245.21 W
2026/10/01 21:51:58.752, 0, NVIDIA GeForce RTX 4080, 98 %, 7305 MiB, 126.15 W
2026/10/01 21:51:59.752, 0, NVIDIA GeForce RTX 4080, 98 %, 7305 MiB, 297.09 W
2026/10/01 21:52:00.752, 0, NVIDIA GeForce RTX 4080, 0 %, 7305 MiB, 196.29 W
2026/10/01 21:52:01.753, 0, NVIDIA GeForce RTX 4080, 98 %, 7305 MiB, 236.86 W
2026/10/01 21:52:02.753, 0, NVIDIA GeForce RTX 4080, 56 %, 7305 MiB, 150.07 W
2026/10/01 21:52:03.753, 0, NVIDIA GeForce RTX 4080, 97 %, 7305 MiB, 251.82 W
2026/10/01 21:52:04.753, 0, NVIDIA GeForce RTX 4080, 0 %, 7305 MiB, 245.35 W
2026/10/01 21:52:05.753, 0, NVIDIA GeForce RTX 4080, 96 %, 7305 MiB, 140.72 W
2026/10/01 21:52:06.754, 0, NVIDIA GeForce RTX 4080, 3 %, 7305 MiB, 208.49 W
2026/10/01 21:52:07.754, 0, NVIDIA GeForce RTX 4080, 100 %, 7305 MiB, 205.44 W
2026/10/01 21:52:08.754, 0, NVIDIA GeForce RTX 4080, 87 %, 7305 MiB, 287.49 W
2026/10/01 21:52:09.754, 0, NVIDIA GeForce RTX 4080, 95 %, 7305 MiB, 162.51 W
2026/10/01 21:52:10.754, 0, NVIDIA GeForce RTX 4080, 0 %, 7305 MiB, 222.89 W
2026/10/01 21:52:11.755, 0, NVIDIA GeForce RTX 4080, 100 %, 7305 MiB, 168.86 W
2026/10/01 21:52:12.755, 0, NVIDIA GeForce RTX 4080, 98 %, 7305 MiB, 267.32 W
2026/10/01 21:52:13.755, 0, NVIDIA GeForce RTX 4080, 98 %, 7305 MiB, 160.98 W
2026/10/01 21:52:14.755, 0, NVIDIA GeForce RTX 4080, 0 %, 7305 MiB, 206.08 W
2026/10/01 21:52:15.755, 0, NVIDIA GeForce RTX 4080, 0 %, 7305 MiB, 75.66 W
2026/10/01 21:52:16.756, 0, NVIDIA GeForce RTX 4080, 0 %, 7305 MiB, 68.57 W
2026/10/01 21:52:17.756, 0, NVIDIA GeForce RTX 4080, 29 %, 4 MiB, 60.51 W
2026/10/01 21:52:18.756, 0, NVIDIA GeForce RTX 4080, 0 %, 4 MiB, 74.33 W
2026/10/01 21:52:19.756, 0, NVIDIA GeForce RTX 4080, 0 %, 275 MiB, 75.22 W
2026/10/01 21:52:20.756, 0, NVIDIA GeForce RTX 4080, 0 %, 445 MiB, 65.40 W
2026/10/01 21:52:21.757, 0, NVIDIA GeForce RTX 4080, 31 %, 699 MiB, 70.84 W
2026/10/01 21:52:22.757, 0, NVIDIA GeForce RTX 4080, 22 %, 699 MiB, 95.87 W
2026/10/01 21:52:23.757, 0, NVIDIA GeForce RTX 4080, 21 %, 699 MiB, 87.06 W
2026/10/01 21:52:24.757, 0, NVIDIA GeForce RTX 4080, 14 %, 703 MiB, 93.86 W
2026/10/01 21:52:25.757, 0, NVIDIA GeForce RTX 4080, 23 %, 703 MiB, 86.10 W
2026/10/01 21:52:26.758, 0, NVIDIA GeForce RTX 4080, 20 %, 703 MiB, 97.43 W
2026/10/01 21:52:27.758, 0, NVIDIA GeForce RTX 4080, 9 %, 703 MiB, 85.86 W
2026/10/01 21:52:28.758, 0, NVIDIA GeForce RTX 4080, 25 %, 703 MiB, 75.14 W
2026/10/01 21:52:29.758, 0, NVIDIA GeForce RTX 4080, 9 %, 703 MiB, 85.51 W
2026/10/01 21:52:30.759, 0, NVIDIA GeForce RTX 4080, 6 %, 703 MiB, 75.51 W
2026/10/01 21:52:31.759, 0, NVIDIA GeForce RTX 4080, 13 %, 703 MiB, 79.87 W
2026/10/01 21:52:32.759, 0, NVIDIA GeForce RTX 4080, 7 %, 703 MiB, 89.48 W
2026/10/01 21:52:33.759, 0, NVIDIA GeForce RTX 4080, 25 %, 703 MiB, 87.25 W
2026/10/01 21:52:34.759, 0, NVIDIA GeForce RTX 4080, 17 %, 703 MiB, 84.06 W
2026/10/01 21:52:35.759, 0, NVIDIA GeForce RTX 4080, 14 %, 703 MiB, 81.13 W
2026/10/01 21:52:36.760, 0, NVIDIA GeForce RTX 4080, 14 %, 703 MiB, 87.70 W
2026/10/01 21:52:37.760, 0, NVIDIA GeForce RTX 4080, 0 %, 703 MiB, 74.56 W
