timestamp, index, utilization.gpu [%], memory.used [MiB], power.draw [W]
2026/10/01 22:18:07.992, 0, 0 %, 1 MiB, 14.50 W
2026/10/01 22:18:08.997, 0, 0 %, 1 MiB, 14.52 W
2026/10/01 22:18:09.997, 0, 0 %, 365 MiB, 14.49 W
2026/10/01 22:18:10.997, 0, 0 %, 365 MiB, 29.59 W
2026/10/01 22:18:11.997, 0, 0 %, 365 MiB, 41.53 W
2026/10/01 22:18:12.998, 0, 0 %, 365 MiB, 41.17 W
2026/10/01 22:18:14.001, 0, 0 %, 365 MiB, 40.88 W
2026/10/01 22:18:15.005, 0, 1 %, 777 MiB, 53.87 W
2026/10/01 22:18:16.005, 0, 86 %, 777 MiB, 192.41 W
2026/10/01 22:18:17.005, 0, 87 %, 777 MiB, 239.77 W
2026/10/01 22:18:18.006, 0, 55 %, 777 MiB, 172.14 W
2026/10/01 22:18:19.006, 0, 84 %, 777 MiB, 227.05 W
2026/10/01 22:18:20.009, 0, 0 %, 777 MiB, 107.57 W
2026/10/01 22:18:21.009, 0, 0 %, 777 MiB, 59.54 W
2026/10/01 22:18:22.009, 0, 0 %, 777 MiB, 50.00 W
2026/10/01 22:18:23.010, 0, 93 %, 777 MiB, 168.91 W
2026/10/01 22:18:24.010, 0, 87 %, 777 MiB, 243.99 W
2026/10/01 22:18:25.013, 0, 0 %, 777 MiB, 190.57 W
2026/10/01 22:18:26.013, 0, 89 %, 777 MiB, 218.20 W
2026/10/01 22:18:27.014, 0, 0 %, 777 MiB, 203.88 W
2026/10/01 22:18:28.014, 0, 0 %, 781 MiB, 60.21 W
2026/10/01 22:18:29.014, 0, 0 %, 781 MiB, 163.85 W
2026/10/01 22:18:30.014, 0, 83 %, 781 MiB, 166.60 W
2026/10/01 22:18:31.014, 0, 23 %, 781 MiB, 165.46 W
2026/10/01 22:18:32.015, 0, 82 %, 781 MiB, 135.70 W
2026/10/01 22:18:33.015, 0, 81 %, 781 MiB, 185.29 W
2026/10/01 22:18:34.015, 0, 0 %, 781 MiB, 102.22 W
2026/10/01 22:18:35.015, 0, 0 %, 1 MiB, 66.01 W
2026/10/01 22:18:36.015, 0, 0 %, 1 MiB, 54.17 W
2026/10/01 22:18:37.016, 0, 3 %, 385 MiB, 51.45 W
2026/10/01 22:18:38.016, 0, 0 %, 385 MiB, 50.77 W
2026/10/01 22:18:39.016, 0, 0 %, 385 MiB, 50.28 W
2026/10/01 22:18:40.016, 0, 0 %, 385 MiB, 49.96 W
2026/10/01 22:18:41.016, 0, 0 %, 385 MiB, 49.98 W
2026/10/01 22:18:42.017, 0, 40 %, 831 MiB, 56.27 W
2026/10/01 22:18:43.017, 0, 79 %, 831 MiB, 163.44 W
2026/10/01 22:18:44.017, 0, 79 %, 831 MiB, 182.86 W
2026/10/01 22:18:45.017, 0, 46 %, 831 MiB, 162.48 W
2026/10/01 22:18:46.017, 0, 75 %, 831 MiB, 148.72 W
2026/10/01 22:18:47.018, 0, 74 %, 831 MiB, 179.29 W
2026/10/01 22:18:48.018, 0, 0 %, 831 MiB, 100.52 W
2026/10/01 22:18:49.018, 0, 83 %, 831 MiB, 190.89 W
2026/10/01 22:18:50.018, 0, 84 %, 831 MiB, 245.07 W
2026/10/01 22:18:51.019, 0, 19 %, 831 MiB, 225.16 W
2026/10/01 22:18:52.019, 0, 81 %, 831 MiB, 210.31 W
2026/10/01 22:18:53.021, 0, 0 %, 831 MiB, 228.97 W
2026/10/01 22:18:54.021, 0, 92 %, 831 MiB, 83.02 W
2026/10/01 22:18:55.021, 0, 67 %, 831 MiB, 214.09 W
2026/10/01 22:18:56.022, 0, 81 %, 831 MiB, 234.92 W
2026/10/01 22:18:57.022, 0, 0 %, 831 MiB, 172.86 W
2026/10/01 22:18:58.022, 0, 72 %, 831 MiB, 214.42 W
2026/10/01 22:18:59.022, 0, 0 %, 831 MiB, 185.35 W
2026/10/01 22:19:00.022, 0, 0 %, 1 MiB, 71.53 W
2026/10/01 22:19:01.023, 0, 0 %, 1 MiB, 65.23 W
2026/10/01 22:19:02.023, 0, 0 %, 365 MiB, 60.69 W
2026/10/01 22:19:03.023, 0, 0 %, 365 MiB, 54.88 W
2026/10/01 22:19:04.023, 0, 0 %, 365 MiB, 54.88 W
2026/10/01 22:19:05.024, 0, 0 %, 365 MiB, 54.56 W
2026/10/01 22:19:06.024, 0, 0 %, 2273 MiB, 54.41 W
2026/10/01 22:19:07.024, 0, 100 %, 6889 MiB, 62.50 W
2026/10/01 22:19:08.024, 0, 98 %, 6889 MiB, 243.55 W
2026/10/01 22:19:09.024, 0, 33 %, 6889 MiB, 276.71 W
2026/10/01 22:19:10.025, 0, 96 %, 6889 MiB, 239.48 W
2026/10/01 22:19:11.025, 0, 0 %, 6889 MiB, 166.22 W
2026/10/01 22:19:12.025, 0, 0 %, 6889 MiB, 80.05 W
2026/10/01 22:19:13.025, 0, 0 %, 6891 MiB, 62.34 W
2026/10/01 22:19:14.026, 0, 98 %, 6891 MiB, 201.46 W
2026/10/01 22:19:15.026, 0, 98 %, 6891 MiB, 297.48 W
2026/10/01 22:19:16.026, 0, 89 %, 6891 MiB, 191.26 W
2026/10/01 22:19:17.026, 0, 95 %, 6891 MiB, 285.74 W
2026/10/01 22:19:18.027, 0, 0 %, 6891 MiB, 154.39 W
2026/10/01 22:19:19.027, 0, 98 %, 6891 MiB, 83.58 W
2026/10/01 22:19:20.027, 0, 98 %, 6891 MiB, 279.29 W
2026/10/01 22:19:21.027, 0, 7 %, 6891 MiB, 234.79 W
2026/10/01 22:19:22.028, 0, 97 %, 6891 MiB, 255.31 W
2026/10/01 22:19:23.028, 0, 0 %, 6891 MiB, 128.49 W
2026/10/01 22:19:24.028, 0, 1 %, 1 MiB, 72.23 W
2026/10/01 22:19:25.028, 0, 0 %, 1 MiB, 72.64 W
2026/10/01 22:19:26.029, 0, 1 %, 385 MiB, 73.02 W
2026/10/01 22:19:27.029, 0, 0 %, 385 MiB, 58.53 W
2026/10/01 22:19:28.029, 0, 0 %, 385 MiB, 55.52 W
2026/10/01 22:19:29.029, 0, 0 %, 385 MiB, 55.50 W
2026/10/01 22:19:30.029, 0, 0 %, 385 MiB, 55.19 W
2026/10/01 22:19:31.030, 0, 48 %, 7817 MiB, 100.82 W
2026/10/01 22:19:32.030, 0, 98 %, 7817 MiB, 278.32 W
2026/10/01 22:19:33.030, 0, 79 %, 7817 MiB, 213.90 W
2026/10/01 22:19:34.031, 0, 53 %, 7817 MiB, 286.35 W
2026/10/01 22:19:35.031, 0, 22 %, 7819 MiB, 88.79 W
2026/10/01 22:19:36.031, 0, 98 %, 7819 MiB, 274.40 W
2026/10/01 22:19:37.031, 0, 98 %, 7819 MiB, 292.32 W
2026/10/01 22:19:38.032, 0, 98 %, 7819 MiB, 207.19 W
2026/10/01 22:19:39.032, 0, 34 %, 7819 MiB, 280.59 W
2026/10/01 22:19:40.032, 0, 0 %, 7819 MiB, 81.89 W
2026/10/01 22:19:41.033, 0, 100 %, 7819 MiB, 159.26 W
2026/10/01 22:19:42.033, 0, 98 %, 7819 MiB, 301.84 W
2026/10/01 22:19:43.033, 0, 96 %, 7819 MiB, 217.76 W
2026/10/01 22:19:44.033, 0, 0 %, 7819 MiB, 276.54 W
2026/10/01 22:19:45.033, 0, 0 %, 7819 MiB, 74.63 W
