方向,论文,年份,主来源URL,读取层次,对本项目的含义
上下文分割,INSID3,2026,https://arxiv.org/html/2603.28480v1,主要方法与实验正文,单骨干、位置去偏、聚类、单种子聚合；本地失败应按各阶段定位
上下文分割,FROST,2026,https://arxiv.org/html/2606.31136v1,方法正文与限制,完整支持前景/背景密度、类内白化、空间门控；保留完整支持方向本身已有前作
上下文分割,FoRIS,2026,https://arxiv.org/pdf/2609.03384,方法与实验及效率附录,前景净化、定位、合并；需复现其512和1024配置作为强比较，不能只超过INSID3
上下文分割,REBASE,2026,https://arxiv.org/html/2607.09082v1,主要方法正文,支持背景子空间消除已有闭式实现，不能把背景投影本身作为新贡献
上下文分割,FSSDINO: Revealing the Semantic Selection Gap in DINOv3,2026,https://arxiv.org/html/2602.07550v1,方法与层选择分析正文,最优中间层与可观察层选择间的差距已经被提出；oracle gap本身不是新发现
转导分割,RePRI,2021,https://arxiv.org/pdf/2012.06166,摘要及方法背景与贡献正文,无标注查询转导、前景面积比例正则已有前作；面积适应需要比它更具体的区别
对应关系,Few-shot Segmentation with Optimal Transport Matching and Message Flow,2021,https://arxiv.org/pdf/2108.08518,搜索返回的论文摘录,完整支持信息和部分最优传输已有前作；均匀边缘OT失败不能否定整个OT家族
对应关系,Relationship Descriptors for Few-Shot Semantic Segmentation,2024,https://openaccess.thecvf.com/content/CVPR2024/papers/Zhou_Unlocking_the_Potential_of_Pre-trained_Vision_Transformers_for_Few-Shot_Semantic_CVPR_2024_paper.pdf,搜索返回的论文摘录,关系描述而非单原型读出已有相关工作；需核查任何小型支持条件化验证器的重叠
对应关系,Object-level Correlation for Few-Shot Segmentation,2025,https://openaccess.thecvf.com/content/ICCV2025/papers/Wen_Object-level_Correlation_for_Few-Shot_Segmentation_ICCV_2025_paper.pdf,搜索返回的论文摘录,对象级相关和背景干扰问题已被研究；区域单位本身不足以构成创新
无监督发现,UnionCut / Ensemble Foreground Management,2025,https://openaccess.thecvf.com/content/ICCV2025/html/Wu_Ensemble_Foreground_Management_for_Unsupervised_Object_Discovery_ICCV_2025_paper.html,摘要与作者实现搜索摘录,前景并集、何时停止发现已有工作；任何全局前景选择都需界定与无监督前景发现的区别
低数据密集预测,LiDeRe,2026,https://openaccess.thecvf.com/content/CVPR2026/html/Luddecke_LiDeRe_A_Lightweight_Readout_for_Fast_and_Data-Efficient_Dense_Prediction_CVPR_2026_paper.html,论文摘要与补充方法搜索摘录,冻结骨干轻量读出是强对照；小头加冻结DINO不自动成为贡献
区域表征,REN,2025,https://arxiv.org/abs/2505.18153,作者arXiv摘要,点条件区域编码已有轻量cross-attention方案；验证器需证明针对错误修复的独立作用
自适应观测,ARTA,2026,https://arxiv.org/abs/2603.26258,作者arXiv摘要,混合分辨率token分配已有方法；按需加高分辨率不是独立新概念
自适应观测,CF-GAP,2026,https://arxiv.org/abs/2609.09025,作者arXiv摘要,任务条件化局部重新观察已有实例检测方案；要证明上下文分割中的独特决策收益
自适应观测,Active Visual Reasoning via Sequential Experimental Design,2026,https://arxiv.org/abs/2605.01345,作者arXiv摘要与搜索摘录,以信息价值选下一观察已有VLM工作；预算策略的贡献不能只靠名称
分辨率,SPAR,2026,https://openaccess.thecvf.com/content/CVPR2026/papers/Kombol_SPAR_Single-Pass_Any-Resolution_ViT_for_Open-vocabulary_Segmentation_CVPR_2026_paper.pdf,搜索返回的论文摘录,任意分辨率密集表征已有蒸馏方案；不宜把简单attention修正包装成普遍分辨率理论
稳健密集表征,GramLoop,2026,https://arxiv.org/html/2608.29113,搜索返回的论文摘录,冻结DINOv3内重复计算与Gram门控已有工作；重复计算路线需更直接的新证据
视频身份,Cutie,2024,https://arxiv.org/html/2310.12982v2,摘要与方法问题描述搜索摘录,对象级记忆读出已专门改善干扰对象；静态原型失败不能代表强视频系统失败
视频身份,XMem,2022,https://arxiv.org/abs/2207.07115,论文搜索摘录,长期多类记忆是基本强控制；跳帧和静态参考对照不足以立题
视频身份,SAM3-DMS,2026,https://arxiv.org/html/2601.09699v1,搜索返回的论文摘录,逐对象解耦记忆已有方案；普通记忆管理不是新方向
视频身份,Re-Prompting SAM 3 via Object Retrieval,2026,https://arxiv.org/abs/2603.23788,论文搜索摘录,DINOv3对象检索、消失重现和同类干扰已有挑战方案；此处仅作为新颖性边界，无需下载权重
风险校准,Conformal Prediction Sets for Instance Segmentation,2026,https://proceedings.mlr.press/v337/lu26b.html,作者论文摘要搜索摘录,掩码IoU置信集合已有理论；不能在没有独立校准和适用假设时声称可靠风险保证
转导式上下文分割,TPA: Test-Time Prototype Adaptation for Open-Vocabulary Semantic Segmentation,2026,https://arxiv.org/abs/2608.08290,arXiv摘要页,开放词汇分割里用无标注部署图池的高置信patch建原型库并与原模型logits融合；免训练、单次、可叠加。demo9的朴素自训练相当于它搬到上下文分割，只能当对照；它报告了标签重叠度和池大小的稳健性，我们需要对应的分析
转导式上下文分割,TF-SSD: Training-free Co-salient Object Detection,2026,https://arxiv.org/abs/2604.00549,arXiv摘要页,一组相关图、无参考掩码，SAM候选加DINO跨图原型筛选；设定是只有池子没有参考图。作为设定对比引用；跑它需要SAM权重，暂不跑
转导式上下文分割,Uncertainty-aware semi-supervised few shot segmentation,2022,https://www.sciencedirect.com/science/article/abs/pii/S0031320322007713,搜索摘要,元训练的少样本分割里用无标注图补充原型并按不确定性筛伪标签；思路上的前作，需要训练
转导式上下文分割,PPNet: Part-aware Prototype Network,2020,,另一会话指出，本次未读原文,用无标注图丰富部件原型；思路上的前作，需做同信息对照
